file_name,split,source_kind,source_split,coco_image_id,source_file_name,source_url,license_id,license_name,license_url,original_width,original_height,output_width,output_height,active_classes,box_count,source_scale_hint,brightness_mean,brightness_std,dark_pixel_ratio,bright_pixel_ratio,low_light,shadow_like,harsh_light
aij_train2017_0001_000000274490.jpg,train2017,base,train2017,274490,000000274490.jpg,http://images.cocodataset.org/train2017/000000274490.jpg,4,Creative Commons Attribution 2.0 (CC BY 2.0),http://creativecommons.org/licenses/by/2.0/,640,427,640,640,car,1,,114.245,45.875,0.0925,0.0427,False,False,False
aij_train2017_0002_000000396581.jpg,train2017,base,train2017,396581,000000396581.jpg,http://images.cocodataset.org/train2017/000000396581.jpg,4,Creative Commons Attribution 2.0 (CC BY 2.0),http://creativecommons.org/licenses/by/2.0/,500,375,640,640,chair,1,,94.92,47.844,0.1886,0.0305,False,False,False
aij_train2017_0003_000000404526.jpg,train2017,base,train2017,404526,000000404526.jpg,http://images.cocodataset.org/train2017/000000404526.jpg,4,Creative Commons Attribution 2.0 (CC BY 2.0),http://creativecommons.org/licenses/by/2.0/,640,480,640,640,chair,1,,106.031,53.425,0.2035,0.0567,False,False,False
aij_train2017_0004_000000374830.jpg,train2017,base,train2017,374830,000000374830.jpg,http://images.cocodataset.org/train2017/000000374830.jpg,4,Creative Commons Attribution 2.0 (CC BY 2.0),http://creativecommons.org/licenses/by/2.0/,640,640,640,640,car,1,,143.75,59.966,0.0709,0.2064,False,False,False
aij_train2017_0005_000000435553.jpg,train2017,base,train2017,435553,000000435553.jpg,http://images.cocodataset.org/train2017/000000435553.jpg,4,Creative Commons Attribution 2.0 (CC BY 2.0),http://creativecommons.org/licenses/by/2.0/,500,375,640,640,dog,1,,109.578,81.044,0.3652,0.1826,True,True,False
aij_train2017_0006_000000415280.jpg,train2017,base,train2017,415280,000000415280.jpg,http://images.cocodataset.org/train2017/000000415280.jpg,4,Creative Commons Attribution 2.0 (CC BY 2.0),http://creativecommons.org/licenses/by/2.0/,535,640,640,640,dog,1,,109.037,29.883,0.0621,0.0089,False,False,False
aij_train2017_0007_000000357992.jpg,train2017,base,train2017,357992,000000357992.jpg,http://images.cocodataset.org/train2017/000000357992.jpg,4,Creative Commons Attribution 2.0 (CC BY 2.0),http://creativecommons.org/licenses/by/2.0/,500,375,640,640,chair,1,,113.89,58.627,0.1678,0.0814,False,True,False
aij_train2017_0008_000000311300.jpg,train2017,base,train2017,311300,000000311300.jpg,http://images.cocodataset.org/train2017/000000311300.jpg,4,Creative Commons Attribution 2.0 (CC BY 2.0),http://creativecommons.org/licenses/by/2.0/,640,427,640,640,car,1,,115.365,54.934,0.1441,0.0848,False,False,False
aij_train2017_0009_000000014484.jpg,train2017,base,train2017,14484,000000014484.jpg,http://images.cocodataset.org/train2017/000000014484.jpg,4,Creative Commons Attribution 2.0 (CC BY 2.0),http://creativecommons.org/licenses/by/2.0/,500,392,640,640,car,1,,116.967,47.777,0.0736,0.0827,False,False,False
aij_train2017_0010_000000419056.jpg,train2017,base,train2017,419056,000000419056.jpg,http://images.cocodataset.org/train2017/000000419056.jpg,4,Creative Commons Attribution 2.0 (CC BY 2.0),http://creativecommons.org/licenses/by/2.0/,640,480,640,640,car,1,,105.147,42.236,0.1599,0.0002,False,False,False
aij_train2017_0011_000000381384.jpg,train2017,base,train2017,381384,000000381384.jpg,http://images.cocodataset.org/train2017/000000381384.jpg,4,Creative Commons Attribution 2.0 (CC BY 2.0),http://creativecommons.org/licenses/by/2.0/,640,577,640,640,chair,1,,170.027,64.936,0.0477,0.307,False,False,True
aij_train2017_0012_000000265003.jpg,train2017,base,train2017,265003,000000265003.jpg,http://images.cocodataset.org/train2017/000000265003.jpg,4,Creative Commons Attribution 2.0 (CC BY 2.0),http://creativecommons.org/licenses/by/2.0/,640,480,640,640,dog,1,,93.789,58.676,0.3775,0.0715,True,True,False
aij_train2017_0013_000000440694.jpg,train2017,base,train2017,440694,000000440694.jpg,http://images.cocodataset.org/train2017/000000440694.jpg,4,Creative Commons Attribution 2.0 (CC BY 2.0),http://creativecommons.org/licenses/by/2.0/,640,480,640,640,dog,1,,97.813,57.399,0.2892,0.0589,False,False,False
aij_train2017_0014_000000504142.jpg,train2017,base,train2017,504142,000000504142.jpg,http://images.cocodataset.org/train2017/000000504142.jpg,5,Creative Commons Attribution-ShareAlike 2.0 (CC BY-SA 2.0),http://creativecommons.org/licenses/by-sa/2.0/,640,484,640,640,dog,1,,80.244,42.824,0.3535,0.0009,True,False,False
aij_train2017_0015_000000283734.jpg,train2017,base,train2017,283734,000000283734.jpg,http://images.cocodataset.org/train2017/000000283734.jpg,5,Creative Commons Attribution-ShareAlike 2.0 (CC BY-SA 2.0),http://creativecommons.org/licenses/by-sa/2.0/,320,240,640,640,dog,1,,107.924,42.772,0.1974,0.0,False,False,False
aij_train2017_0016_000000246650.jpg,train2017,base,train2017,246650,000000246650.jpg,http://images.cocodataset.org/train2017/000000246650.jpg,4,Creative Commons Attribution 2.0 (CC BY 2.0),http://creativecommons.org/licenses/by/2.0/,640,457,640,640,car,1,,113.206,67.918,0.2614,0.0863,False,True,False
aij_train2017_0017_000000392642.jpg,train2017,base,train2017,392642,000000392642.jpg,http://images.cocodataset.org/train2017/000000392642.jpg,4,Creative Commons Attribution 2.0 (CC BY 2.0),http://creativecommons.org/licenses/by/2.0/,500,375,640,640,chair,1,,70.516,59.771,0.494,0.0355,True,False,False
aij_train2017_0018_000000300476.jpg,train2017,base,train2017,300476,000000300476.jpg,http://images.cocodataset.org/train2017/000000300476.jpg,5,Creative Commons Attribution-ShareAlike 2.0 (CC BY-SA 2.0),http://creativecommons.org/licenses/by-sa/2.0/,500,375,640,640,dog,1,,113.404,88.842,0.4034,0.2138,True,True,False
aij_train2017_0019_000000067053.jpg,train2017,base,train2017,67053,000000067053.jpg,http://images.cocodataset.org/train2017/000000067053.jpg,5,Creative Commons Attribution-ShareAlike 2.0 (CC BY-SA 2.0),http://creativecommons.org/licenses/by-sa/2.0/,375,500,640,640,dog,1,,106.695,68.752,0.3056,0.0844,False,True,False
aij_train2017_0020_000000491638.jpg,train2017,base,train2017,491638,000000491638.jpg,http://images.cocodataset.org/train2017/000000491638.jpg,4,Creative Commons Attribution 2.0 (CC BY 2.0),http://creativecommons.org/licenses/by/2.0/,368,640,640,640,chair,1,,73.552,50.716,0.4,0.0,True,False,False
aij_train2017_0021_000000065028.jpg,train2017,base,train2017,65028,000000065028.jpg,http://images.cocodataset.org/train2017/000000065028.jpg,4,Creative Commons Attribution 2.0 (CC BY 2.0),http://creativecommons.org/licenses/by/2.0/,500,376,640,640,car,1,,66.164,47.754,0.4611,0.0075,True,False,False
aij_train2017_0022_000000360735.jpg,train2017,base,train2017,360735,000000360735.jpg,http://images.cocodataset.org/train2017/000000360735.jpg,4,Creative Commons Attribution 2.0 (CC BY 2.0),http://creativecommons.org/licenses/by/2.0/,640,427,640,640,car,1,,77.14,43.092,0.3294,0.0018,True,False,False
aij_train2017_0023_000000525223.jpg,train2017,base,train2017,525223,000000525223.jpg,http://images.cocodataset.org/train2017/000000525223.jpg,4,Creative Commons Attribution 2.0 (CC BY 2.0),http://creativecommons.org/licenses/by/2.0/,500,400,640,640,chair,1,,105.299,49.831,0.2272,0.0532,False,False,False
aij_train2017_0024_000000040466.jpg,train2017,base,train2017,40466,000000040466.jpg,http://images.cocodataset.org/train2017/000000040466.jpg,5,Creative Commons Attribution-ShareAlike 2.0 (CC BY-SA 2.0),http://creativecommons.org/licenses/by-sa/2.0/,640,480,640,640,dog,1,,43.546,51.028,0.7675,0.0206,True,False,False
aij_train2017_0025_000000317509.jpg,train2017,base,train2017,317509,000000317509.jpg,http://images.cocodataset.org/train2017/000000317509.jpg,4,Creative Commons Attribution 2.0 (CC BY 2.0),http://creativecommons.org/licenses/by/2.0/,375,500,640,640,car,1,,133.044,52.255,0.0656,0.128,False,False,False
aij_train2017_0026_000000346158.jpg,train2017,base,train2017,346158,000000346158.jpg,http://images.cocodataset.org/train2017/000000346158.jpg,4,Creative Commons Attribution 2.0 (CC BY 2.0),http://creativecommons.org/licenses/by/2.0/,375,500,640,640,dog,1,,122.653,43.867,0.0418,0.0783,False,False,False
aij_train2017_0027_000000065139.jpg,train2017,base,train2017,65139,000000065139.jpg,http://images.cocodataset.org/train2017/000000065139.jpg,5,Creative Commons Attribution-ShareAlike 2.0 (CC BY-SA 2.0),http://creativecommons.org/licenses/by-sa/2.0/,500,323,640,640,car,1,,112.175,53.984,0.1536,0.0877,False,False,False
aij_train2017_0028_000000383611.jpg,train2017,base,train2017,383611,000000383611.jpg,http://images.cocodataset.org/train2017/000000383611.jpg,4,Creative Commons Attribution 2.0 (CC BY 2.0),http://creativecommons.org/licenses/by/2.0/,640,428,640,640,chair,1,,82.675,51.808,0.3523,0.0138,True,False,False
aij_train2017_0029_000000283921.jpg,train2017,base,train2017,283921,000000283921.jpg,http://images.cocodataset.org/train2017/000000283921.jpg,4,Creative Commons Attribution 2.0 (CC BY 2.0),http://creativecommons.org/licenses/by/2.0/,640,316,640,640,dog,1,,121.527,30.899,0.0496,0.0018,False,False,False
aij_train2017_0030_000000036713.jpg,train2017,base,train2017,36713,000000036713.jpg,http://images.cocodataset.org/train2017/000000036713.jpg,5,Creative Commons Attribution-ShareAlike 2.0 (CC BY-SA 2.0),http://creativecommons.org/licenses/by-sa/2.0/,500,375,640,640,dog,1,,114.027,40.249,0.1065,0.0017,False,False,False
aij_train2017_0031_000000390184.jpg,train2017,base,train2017,390184,000000390184.jpg,http://images.cocodataset.org/train2017/000000390184.jpg,4,Creative Commons Attribution 2.0 (CC BY 2.0),http://creativecommons.org/licenses/by/2.0/,640,426,640,640,chair,1,,86.773,57.485,0.3855,0.0,True,False,False
aij_train2017_0032_000000208011.jpg,train2017,base,train2017,208011,000000208011.jpg,http://images.cocodataset.org/train2017/000000208011.jpg,5,Creative Commons Attribution-ShareAlike 2.0 (CC BY-SA 2.0),http://creativecommons.org/licenses/by-sa/2.0/,500,334,640,640,chair,1,,67.44,53.544,0.4602,0.0031,True,False,False
aij_train2017_0033_000000373655.jpg,train2017,base,train2017,373655,000000373655.jpg,http://images.cocodataset.org/train2017/000000373655.jpg,4,Creative Commons Attribution 2.0 (CC BY 2.0),http://creativecommons.org/licenses/by/2.0/,612,612,640,640,chair,1,,81.139,40.342,0.2809,0.0004,True,False,False
aij_train2017_0034_000000510519.jpg,train2017,base,train2017,510519,000000510519.jpg,http://images.cocodataset.org/train2017/000000510519.jpg,5,Creative Commons Attribution-ShareAlike 2.0 (CC BY-SA 2.0),http://creativecommons.org/licenses/by-sa/2.0/,480,640,640,640,dog,1,,107.945,37.07,0.1157,0.0056,False,False,False
aij_train2017_0035_000000478517.jpg,train2017,base,train2017,478517,000000478517.jpg,http://images.cocodataset.org/train2017/000000478517.jpg,5,Creative Commons Attribution-ShareAlike 2.0 (CC BY-SA 2.0),http://creativecommons.org/licenses/by-sa/2.0/,640,427,640,640,dog,1,,115.212,34.761,0.0489,0.0164,False,False,False
aij_train2017_0036_000000468792.jpg,train2017,base,train2017,468792,000000468792.jpg,http://images.cocodataset.org/train2017/000000468792.jpg,4,Creative Commons Attribution 2.0 (CC BY 2.0),http://creativecommons.org/licenses/by/2.0/,640,573,640,640,dog,1,,113.032,70.089,0.2784,0.1452,False,True,False
aij_train2017_0037_000000292833.jpg,train2017,base,train2017,292833,000000292833.jpg,http://images.cocodataset.org/train2017/000000292833.jpg,4,Creative Commons Attribution 2.0 (CC BY 2.0),http://creativecommons.org/licenses/by/2.0/,640,480,640,640,car,1,,114.867,37.356,0.0695,0.0311,False,False,False
aij_train2017_0038_000000419677.jpg,train2017,base,train2017,419677,000000419677.jpg,http://images.cocodataset.org/train2017/000000419677.jpg,5,Creative Commons Attribution-ShareAlike 2.0 (CC BY-SA 2.0),http://creativecommons.org/licenses/by-sa/2.0/,486,640,640,640,car,1,,79.332,52.484,0.3993,0.0281,True,False,False
aij_train2017_0039_000000032533.jpg,train2017,base,train2017,32533,000000032533.jpg,http://images.cocodataset.org/train2017/000000032533.jpg,5,Creative Commons Attribution-ShareAlike 2.0 (CC BY-SA 2.0),http://creativecommons.org/licenses/by-sa/2.0/,634,640,640,640,car,1,,160.971,73.027,0.0737,0.4185,False,False,True
aij_train2017_0040_000000343498.jpg,train2017,base,train2017,343498,000000343498.jpg,http://images.cocodataset.org/train2017/000000343498.jpg,4,Creative Commons Attribution 2.0 (CC BY 2.0),http://creativecommons.org/licenses/by/2.0/,425,640,640,640,chair,1,,72.052,35.908,0.3596,0.0001,True,False,False
aij_train2017_0041_000000469996.jpg,train2017,base,train2017,469996,000000469996.jpg,http://images.cocodataset.org/train2017/000000469996.jpg,5,Creative Commons Attribution-ShareAlike 2.0 (CC BY-SA 2.0),http://creativecommons.org/licenses/by-sa/2.0/,640,480,640,640,car,1,,113.5,44.533,0.0959,0.0308,False,False,False
aij_train2017_0042_000000125928.jpg,train2017,base,train2017,125928,000000125928.jpg,http://images.cocodataset.org/train2017/000000125928.jpg,4,Creative Commons Attribution 2.0 (CC BY 2.0),http://creativecommons.org/licenses/by/2.0/,640,425,640,640,dog,1,,122.548,51.112,0.0484,0.0769,False,False,False
aij_train2017_0043_000000332836.jpg,train2017,base,train2017,332836,000000332836.jpg,http://images.cocodataset.org/train2017/000000332836.jpg,5,Creative Commons Attribution-ShareAlike 2.0 (CC BY-SA 2.0),http://creativecommons.org/licenses/by-sa/2.0/,640,480,640,640,chair,1,,117.473,35.235,0.0393,0.0423,False,False,False
aij_train2017_0044_000000420490.jpg,train2017,base,train2017,420490,000000420490.jpg,http://images.cocodataset.org/train2017/000000420490.jpg,4,Creative Commons Attribution 2.0 (CC BY 2.0),http://creativecommons.org/licenses/by/2.0/,500,380,640,640,chair,1,,111.724,39.159,0.0902,0.0193,False,False,False
aij_train2017_0045_000000232660.jpg,train2017,base,train2017,232660,000000232660.jpg,http://images.cocodataset.org/train2017/000000232660.jpg,4,Creative Commons Attribution 2.0 (CC BY 2.0),http://creativecommons.org/licenses/by/2.0/,612,612,640,640,dog,1,,162.524,65.131,0.072,0.3583,False,False,True
aij_train2017_0046_000000557508.jpg,train2017,base,train2017,557508,000000557508.jpg,http://images.cocodataset.org/train2017/000000557508.jpg,4,Creative Commons Attribution 2.0 (CC BY 2.0),http://creativecommons.org/licenses/by/2.0/,640,426,640,640,dog,1,,95.345,52.125,0.2656,0.0159,False,False,False
aij_train2017_0047_000000345432.jpg,train2017,base,train2017,345432,000000345432.jpg,http://images.cocodataset.org/train2017/000000345432.jpg,4,Creative Commons Attribution 2.0 (CC BY 2.0),http://creativecommons.org/licenses/by/2.0/,612,612,640,640,dog,1,,122.251,66.552,0.212,0.1139,False,True,False
aij_train2017_0048_000000350484.jpg,train2017,base,train2017,350484,000000350484.jpg,http://images.cocodataset.org/train2017/000000350484.jpg,5,Creative Commons Attribution-ShareAlike 2.0 (CC BY-SA 2.0),http://creativecommons.org/licenses/by-sa/2.0/,640,427,640,640,dog,1,,135.807,43.752,0.0114,0.0773,False,False,False
aij_train2017_0049_000000555797.jpg,train2017,base,train2017,555797,000000555797.jpg,http://images.cocodataset.org/train2017/000000555797.jpg,4,Creative Commons Attribution 2.0 (CC BY 2.0),http://creativecommons.org/licenses/by/2.0/,640,419,640,640,chair,1,,122.281,44.151,0.0701,0.0418,False,False,False
aij_train2017_0050_000000429833.jpg,train2017,base,train2017,429833,000000429833.jpg,http://images.cocodataset.org/train2017/000000429833.jpg,5,Creative Commons Attribution-ShareAlike 2.0 (CC BY-SA 2.0),http://creativecommons.org/licenses/by-sa/2.0/,640,480,640,640,car,1,,109.281,50.793,0.1935,0.0033,False,False,False
aij_train2017_0051_000000161370.jpg,train2017,base,train2017,161370,000000161370.jpg,http://images.cocodataset.org/train2017/000000161370.jpg,4,Creative Commons Attribution 2.0 (CC BY 2.0),http://creativecommons.org/licenses/by/2.0/,640,360,640,640,chair,1,,149.143,51.689,0.0328,0.1307,False,False,False
aij_train2017_0052_000000239355.jpg,train2017,base,train2017,239355,000000239355.jpg,http://images.cocodataset.org/train2017/000000239355.jpg,4,Creative Commons Attribution 2.0 (CC BY 2.0),http://creativecommons.org/licenses/by/2.0/,612,612,640,640,car,1,,106.107,39.121,0.1163,0.0262,False,False,False
aij_train2017_0053_000000046269.jpg,train2017,base,train2017,46269,000000046269.jpg,http://images.cocodataset.org/train2017/000000046269.jpg,4,Creative Commons Attribution 2.0 (CC BY 2.0),http://creativecommons.org/licenses/by/2.0/,640,427,640,640,car,1,,121.362,43.438,0.087,0.0072,False,False,False
aij_train2017_0054_000000089188.jpg,train2017,base,train2017,89188,000000089188.jpg,http://images.cocodataset.org/train2017/000000089188.jpg,4,Creative Commons Attribution 2.0 (CC BY 2.0),http://creativecommons.org/licenses/by/2.0/,480,640,640,640,dog,1,,105.637,41.844,0.1561,0.0036,False,False,False
aij_train2017_0055_000000428241.jpg,train2017,base,train2017,428241,000000428241.jpg,http://images.cocodataset.org/train2017/000000428241.jpg,4,Creative Commons Attribution 2.0 (CC BY 2.0),http://creativecommons.org/licenses/by/2.0/,600,400,640,640,chair,1,,92.012,40.72,0.355,0.0001,True,False,False
aij_train2017_0056_000000097219.jpg,train2017,base,train2017,97219,000000097219.jpg,http://images.cocodataset.org/train2017/000000097219.jpg,4,Creative Commons Attribution 2.0 (CC BY 2.0),http://creativecommons.org/licenses/by/2.0/,640,479,640,640,chair,1,,96.47,67.455,0.309,0.077,False,True,False
aij_train2017_0057_000000509244.jpg,train2017,base,train2017,509244,000000509244.jpg,http://images.cocodataset.org/train2017/000000509244.jpg,5,Creative Commons Attribution-ShareAlike 2.0 (CC BY-SA 2.0),http://creativecommons.org/licenses/by-sa/2.0/,640,480,640,640,chair,1,,93.36,44.771,0.1554,0.037,False,False,False
aij_train2017_0058_000000168963.jpg,train2017,base,train2017,168963,000000168963.jpg,http://images.cocodataset.org/train2017/000000168963.jpg,5,Creative Commons Attribution-ShareAlike 2.0 (CC BY-SA 2.0),http://creativecommons.org/licenses/by-sa/2.0/,640,399,640,640,dog,1,,105.471,42.958,0.1838,0.0,False,False,False
aij_train2017_0059_000000282527.jpg,train2017,base,train2017,282527,000000282527.jpg,http://images.cocodataset.org/train2017/000000282527.jpg,5,Creative Commons Attribution-ShareAlike 2.0 (CC BY-SA 2.0),http://creativecommons.org/licenses/by-sa/2.0/,333,500,640,640,dog,1,,130.838,81.94,0.2326,0.2534,False,True,True
aij_train2017_0060_000000089298.jpg,train2017,base,train2017,89298,000000089298.jpg,http://images.cocodataset.org/train2017/000000089298.jpg,4,Creative Commons Attribution 2.0 (CC BY 2.0),http://creativecommons.org/licenses/by/2.0/,529,640,640,640,car,1,,117.281,57.8,0.1614,0.0895,False,True,False
aij_train2017_0061_000000508218.jpg,train2017,base,train2017,508218,000000508218.jpg,http://images.cocodataset.org/train2017/000000508218.jpg,4,Creative Commons Attribution 2.0 (CC BY 2.0),http://creativecommons.org/licenses/by/2.0/,640,434,640,640,car,1,,101.784,50.805,0.2183,0.0009,False,False,False
aij_train2017_0062_000000157341.jpg,train2017,base,train2017,157341,000000157341.jpg,http://images.cocodataset.org/train2017/000000157341.jpg,5,Creative Commons Attribution-ShareAlike 2.0 (CC BY-SA 2.0),http://creativecommons.org/licenses/by-sa/2.0/,500,313,640,640,dog,1,,83.44,58.168,0.3903,0.0287,True,False,False
aij_train2017_0063_000000427920.jpg,train2017,base,train2017,427920,000000427920.jpg,http://images.cocodataset.org/train2017/000000427920.jpg,5,Creative Commons Attribution-ShareAlike 2.0 (CC BY-SA 2.0),http://creativecommons.org/licenses/by-sa/2.0/,480,640,640,640,chair,1,,118.964,47.232,0.0265,0.0856,False,False,False
aij_train2017_0064_000000237944.jpg,train2017,base,train2017,237944,000000237944.jpg,http://images.cocodataset.org/train2017/000000237944.jpg,5,Creative Commons Attribution-ShareAlike 2.0 (CC BY-SA 2.0),http://creativecommons.org/licenses/by-sa/2.0/,480,640,640,640,dog,1,,68.448,41.517,0.3946,0.0,True,False,False
aij_train2017_0065_000000426842.jpg,train2017,base,train2017,426842,000000426842.jpg,http://images.cocodataset.org/train2017/000000426842.jpg,4,Creative Commons Attribution 2.0 (CC BY 2.0),http://creativecommons.org/licenses/by/2.0/,612,612,640,640,dog,1,,105.019,77.202,0.334,0.0942,False,True,False
aij_train2017_0066_000000559656.jpg,train2017,base,train2017,559656,000000559656.jpg,http://images.cocodataset.org/train2017/000000559656.jpg,4,Creative Commons Attribution 2.0 (CC BY 2.0),http://creativecommons.org/licenses/by/2.0/,640,427,640,640,car,1,,180.019,68.533,0.0138,0.4348,False,False,True
aij_train2017_0067_000000096757.jpg,train2017,base,train2017,96757,000000096757.jpg,http://images.cocodataset.org/train2017/000000096757.jpg,5,Creative Commons Attribution-ShareAlike 2.0 (CC BY-SA 2.0),http://creativecommons.org/licenses/by-sa/2.0/,640,480,640,640,chair,1,,82.239,46.684,0.3367,0.0006,True,False,False
aij_train2017_0068_000000403464.jpg,train2017,base,train2017,403464,000000403464.jpg,http://images.cocodataset.org/train2017/000000403464.jpg,4,Creative Commons Attribution 2.0 (CC BY 2.0),http://creativecommons.org/licenses/by/2.0/,640,426,640,640,car,1,,104.04,63.645,0.2932,0.0551,False,False,False
aij_train2017_0069_000000228558.jpg,train2017,base,train2017,228558,000000228558.jpg,http://images.cocodataset.org/train2017/000000228558.jpg,5,Creative Commons Attribution-ShareAlike 2.0 (CC BY-SA 2.0),http://creativecommons.org/licenses/by-sa/2.0/,640,427,640,640,car,1,,92.513,52.105,0.3021,0.0019,False,False,False
aij_train2017_0070_000000376321.jpg,train2017,base,train2017,376321,000000376321.jpg,http://images.cocodataset.org/train2017/000000376321.jpg,5,Creative Commons Attribution-ShareAlike 2.0 (CC BY-SA 2.0),http://creativecommons.org/licenses/by-sa/2.0/,383,640,640,640,car,1,,75.186,44.085,0.4209,0.0002,True,False,False
aij_train2017_0071_000000027763.jpg,train2017,base,train2017,27763,000000027763.jpg,http://images.cocodataset.org/train2017/000000027763.jpg,5,Creative Commons Attribution-ShareAlike 2.0 (CC BY-SA 2.0),http://creativecommons.org/licenses/by-sa/2.0/,640,480,640,640,dog,1,,98.27,52.16,0.2738,0.0195,False,False,False
aij_train2017_0072_000000371890.jpg,train2017,base,train2017,371890,000000371890.jpg,http://images.cocodataset.org/train2017/000000371890.jpg,4,Creative Commons Attribution 2.0 (CC BY 2.0),http://creativecommons.org/licenses/by/2.0/,640,480,640,640,chair,1,,86.395,44.186,0.2878,0.0034,True,False,False
aij_train2017_0073_000000063252.jpg,train2017,base,train2017,63252,000000063252.jpg,http://images.cocodataset.org/train2017/000000063252.jpg,4,Creative Commons Attribution 2.0 (CC BY 2.0),http://creativecommons.org/licenses/by/2.0/,612,612,640,640,dog,1,,113.74,69.036,0.2615,0.0825,False,True,False
aij_train2017_0074_000000274337.jpg,train2017,base,train2017,274337,000000274337.jpg,http://images.cocodataset.org/train2017/000000274337.jpg,5,Creative Commons Attribution-ShareAlike 2.0 (CC BY-SA 2.0),http://creativecommons.org/licenses/by-sa/2.0/,640,347,640,640,car,1,,95.378,47.566,0.2279,0.023,False,False,False
aij_train2017_0075_000000329687.jpg,train2017,base,train2017,329687,000000329687.jpg,http://images.cocodataset.org/train2017/000000329687.jpg,4,Creative Commons Attribution 2.0 (CC BY 2.0),http://creativecommons.org/licenses/by/2.0/,640,427,640,640,dog,1,,93.979,37.787,0.172,0.0029,False,False,False
aij_train2017_0076_000000132121.jpg,train2017,base,train2017,132121,000000132121.jpg,http://images.cocodataset.org/train2017/000000132121.jpg,4,Creative Commons Attribution 2.0 (CC BY 2.0),http://creativecommons.org/licenses/by/2.0/,640,271,640,640,chair,1,,104.902,33.218,0.0714,0.0047,False,False,False
aij_train2017_0077_000000448535.jpg,train2017,base,train2017,448535,000000448535.jpg,http://images.cocodataset.org/train2017/000000448535.jpg,4,Creative Commons Attribution 2.0 (CC BY 2.0),http://creativecommons.org/licenses/by/2.0/,640,480,640,640,chair,1,,126.334,32.956,0.045,0.0063,False,False,False
aij_train2017_0078_000000046371.jpg,train2017,base,train2017,46371,000000046371.jpg,http://images.cocodataset.org/train2017/000000046371.jpg,5,Creative Commons Attribution-ShareAlike 2.0 (CC BY-SA 2.0),http://creativecommons.org/licenses/by-sa/2.0/,480,640,640,640,car,1,,93.562,42.53,0.216,0.022,False,False,False
aij_train2017_0079_000000336286.jpg,train2017,base,train2017,336286,000000336286.jpg,http://images.cocodataset.org/train2017/000000336286.jpg,5,Creative Commons Attribution-ShareAlike 2.0 (CC BY-SA 2.0),http://creativecommons.org/licenses/by-sa/2.0/,334,500,640,640,dog,1,,62.175,48.017,0.5404,0.0,True,False,False
aij_train2017_0080_000000010229.jpg,train2017,base,train2017,10229,000000010229.jpg,http://images.cocodataset.org/train2017/000000010229.jpg,4,Creative Commons Attribution 2.0 (CC BY 2.0),http://creativecommons.org/licenses/by/2.0/,640,480,640,640,car,1,,107.446,46.427,0.1404,0.0773,False,False,False
aij_train2017_0081_000000268051.jpg,train2017,base,train2017,268051,000000268051.jpg,http://images.cocodataset.org/train2017/000000268051.jpg,4,Creative Commons Attribution 2.0 (CC BY 2.0),http://creativecommons.org/licenses/by/2.0/,480,640,640,640,dog,1,,124.035,38.753,0.0474,0.0129,False,False,False
aij_train2017_0082_000000452700.jpg,train2017,base,train2017,452700,000000452700.jpg,http://images.cocodataset.org/train2017/000000452700.jpg,5,Creative Commons Attribution-ShareAlike 2.0 (CC BY-SA 2.0),http://creativecommons.org/licenses/by-sa/2.0/,640,480,640,640,car,1,,142.431,59.121,0.1155,0.1182,False,False,False
aij_train2017_0083_000000210060.jpg,train2017,base,train2017,210060,000000210060.jpg,http://images.cocodataset.org/train2017/000000210060.jpg,4,Creative Commons Attribution 2.0 (CC BY 2.0),http://creativecommons.org/licenses/by/2.0/,640,427,640,640,dog,1,,92.539,47.823,0.275,0.0069,False,False,False
aij_train2017_0084_000000381615.jpg,train2017,base,train2017,381615,000000381615.jpg,http://images.cocodataset.org/train2017/000000381615.jpg,4,Creative Commons Attribution 2.0 (CC BY 2.0),http://creativecommons.org/licenses/by/2.0/,640,505,640,640,chair,1,,88.347,60.263,0.3697,0.0435,True,False,False
aij_train2017_0085_000000458390.jpg,train2017,base,train2017,458390,000000458390.jpg,http://images.cocodataset.org/train2017/000000458390.jpg,5,Creative Commons Attribution-ShareAlike 2.0 (CC BY-SA 2.0),http://creativecommons.org/licenses/by-sa/2.0/,483,640,640,640,car,1,,92.156,40.012,0.1972,0.0084,False,False,False
aij_train2017_0086_000000319354.jpg,train2017,base,train2017,319354,000000319354.jpg,http://images.cocodataset.org/train2017/000000319354.jpg,5,Creative Commons Attribution-ShareAlike 2.0 (CC BY-SA 2.0),http://creativecommons.org/licenses/by-sa/2.0/,640,480,640,640,car,1,,151.645,54.578,0.0427,0.1686,False,False,False
aij_train2017_0087_000000523696.jpg,train2017,base,train2017,523696,000000523696.jpg,http://images.cocodataset.org/train2017/000000523696.jpg,4,Creative Commons Attribution 2.0 (CC BY 2.0),http://creativecommons.org/licenses/by/2.0/,480,640,640,640,car,1,,92.271,57.854,0.3147,0.0229,False,False,False
aij_train2017_0088_000000555763.jpg,train2017,base,train2017,555763,000000555763.jpg,http://images.cocodataset.org/train2017/000000555763.jpg,4,Creative Commons Attribution 2.0 (CC BY 2.0),http://creativecommons.org/licenses/by/2.0/,640,368,640,640,car,1,,121.453,56.477,0.1327,0.0642,False,False,False
aij_train2017_0089_000000070230.jpg,train2017,base,train2017,70230,000000070230.jpg,http://images.cocodataset.org/train2017/000000070230.jpg,4,Creative Commons Attribution 2.0 (CC BY 2.0),http://creativecommons.org/licenses/by/2.0/,500,375,640,640,chair,1,,100.407,54.31,0.1988,0.0148,False,False,False
aij_train2017_0090_000000294238.jpg,train2017,base,train2017,294238,000000294238.jpg,http://images.cocodataset.org/train2017/000000294238.jpg,4,Creative Commons Attribution 2.0 (CC BY 2.0),http://creativecommons.org/licenses/by/2.0/,640,428,640,640,chair,1,,89.342,54.399,0.3241,0.0056,True,False,False
aij_train2017_0091_000000100196.jpg,train2017,base,train2017,100196,000000100196.jpg,http://images.cocodataset.org/train2017/000000100196.jpg,4,Creative Commons Attribution 2.0 (CC BY 2.0),http://creativecommons.org/licenses/by/2.0/,640,426,640,640,dog,1,,176.657,48.679,0.0075,0.2401,False,False,True
aij_train2017_0092_000000053580.jpg,train2017,base,train2017,53580,000000053580.jpg,http://images.cocodataset.org/train2017/000000053580.jpg,5,Creative Commons Attribution-ShareAlike 2.0 (CC BY-SA 2.0),http://creativecommons.org/licenses/by-sa/2.0/,640,428,640,640,chair,1,,107.178,37.758,0.0971,0.028,False,False,False
aij_train2017_0093_000000544035.jpg,train2017,base,train2017,544035,000000544035.jpg,http://images.cocodataset.org/train2017/000000544035.jpg,5,Creative Commons Attribution-ShareAlike 2.0 (CC BY-SA 2.0),http://creativecommons.org/licenses/by-sa/2.0/,640,426,640,640,car,1,,133.598,41.624,0.02,0.0804,False,False,False
aij_train2017_0094_000000399769.jpg,train2017,base,train2017,399769,000000399769.jpg,http://images.cocodataset.org/train2017/000000399769.jpg,5,Creative Commons Attribution-ShareAlike 2.0 (CC BY-SA 2.0),http://creativecommons.org/licenses/by-sa/2.0/,640,480,640,640,dog,1,,73.858,43.145,0.4127,0.0,True,False,False
aij_train2017_0095_000000077689.jpg,train2017,base,train2017,77689,000000077689.jpg,http://images.cocodataset.org/train2017/000000077689.jpg,5,Creative Commons Attribution-ShareAlike 2.0 (CC BY-SA 2.0),http://creativecommons.org/licenses/by-sa/2.0/,500,375,640,640,car,1,,104.862,73.708,0.3342,0.1054,False,True,False
aij_train2017_0096_000000451843.jpg,train2017,base,train2017,451843,000000451843.jpg,http://images.cocodataset.org/train2017/000000451843.jpg,5,Creative Commons Attribution-ShareAlike 2.0 (CC BY-SA 2.0),http://creativecommons.org/licenses/by-sa/2.0/,640,427,640,640,dog,1,,137.117,51.285,0.057,0.1239,False,False,False
aij_train2017_0097_000000016616.jpg,train2017,base,train2017,16616,000000016616.jpg,http://images.cocodataset.org/train2017/000000016616.jpg,5,Creative Commons Attribution-ShareAlike 2.0 (CC BY-SA 2.0),http://creativecommons.org/licenses/by-sa/2.0/,640,408,640,640,car,1,,106.495,46.067,0.1727,0.0125,False,False,False
aij_train2017_0098_000000436638.jpg,train2017,base,train2017,436638,000000436638.jpg,http://images.cocodataset.org/train2017/000000436638.jpg,4,Creative Commons Attribution 2.0 (CC BY 2.0),http://creativecommons.org/licenses/by/2.0/,375,500,640,640,dog,1,,106.876,31.278,0.0911,0.0055,False,False,False
aij_train2017_0099_000000338972.jpg,train2017,base,train2017,338972,000000338972.jpg,http://images.cocodataset.org/train2017/000000338972.jpg,4,Creative Commons Attribution 2.0 (CC BY 2.0),http://creativecommons.org/licenses/by/2.0/,640,283,640,640,car,1,,86.613,48.033,0.2802,0.0,True,False,False
aij_train2017_0100_000000184224.jpg,train2017,base,train2017,184224,000000184224.jpg,http://images.cocodataset.org/train2017/000000184224.jpg,4,Creative Commons Attribution 2.0 (CC BY 2.0),http://creativecommons.org/licenses/by/2.0/,281,446,640,640,dog,1,,150.702,75.987,0.1102,0.3133,False,False,True
aij_train2017_0101_000000068162.jpg,train2017,base,train2017,68162,000000068162.jpg,http://images.cocodataset.org/train2017/000000068162.jpg,4,Creative Commons Attribution 2.0 (CC BY 2.0),http://creativecommons.org/licenses/by/2.0/,640,426,640,640,chair,1,,106.078,33.766,0.0836,0.0079,False,False,False
aij_train2017_0102_000000055695.jpg,train2017,base,train2017,55695,000000055695.jpg,http://images.cocodataset.org/train2017/000000055695.jpg,5,Creative Commons Attribution-ShareAlike 2.0 (CC BY-SA 2.0),http://creativecommons.org/licenses/by-sa/2.0/,640,480,640,640,chair,1,,72.611,52.337,0.4632,0.0302,True,False,False
aij_train2017_0103_000000177529.jpg,train2017,base,train2017,177529,000000177529.jpg,http://images.cocodataset.org/train2017/000000177529.jpg,4,Creative Commons Attribution 2.0 (CC BY 2.0),http://creativecommons.org/licenses/by/2.0/,640,439,640,640,dog,1,,92.366,52.201,0.2724,0.0235,False,False,False
aij_train2017_0104_000000244246.jpg,train2017,base,train2017,244246,000000244246.jpg,http://images.cocodataset.org/train2017/000000244246.jpg,4,Creative Commons Attribution 2.0 (CC BY 2.0),http://creativecommons.org/licenses/by/2.0/,480,640,640,640,car,1,,150.753,63.353,0.0871,0.163,False,False,False
aij_train2017_0105_000000426510.jpg,train2017,base,train2017,426510,000000426510.jpg,http://images.cocodataset.org/train2017/000000426510.jpg,4,Creative Commons Attribution 2.0 (CC BY 2.0),http://creativecommons.org/licenses/by/2.0/,612,612,640,640,car,1,,103.365,52.406,0.2279,0.0001,False,False,False
aij_train2017_0106_000000108111.jpg,train2017,base,train2017,108111,000000108111.jpg,http://images.cocodataset.org/train2017/000000108111.jpg,5,Creative Commons Attribution-ShareAlike 2.0 (CC BY-SA 2.0),http://creativecommons.org/licenses/by-sa/2.0/,640,429,640,640,chair,1,,111.869,44.585,0.1188,0.0316,False,False,False
aij_train2017_0107_000000193424.jpg,train2017,base,train2017,193424,000000193424.jpg,http://images.cocodataset.org/train2017/000000193424.jpg,4,Creative Commons Attribution 2.0 (CC BY 2.0),http://creativecommons.org/licenses/by/2.0/,500,341,640,640,car,1,,104.729,45.81,0.1723,0.027,False,False,False
aij_train2017_0108_000000215482.jpg,train2017,base,train2017,215482,000000215482.jpg,http://images.cocodataset.org/train2017/000000215482.jpg,5,Creative Commons Attribution-ShareAlike 2.0 (CC BY-SA 2.0),http://creativecommons.org/licenses/by-sa/2.0/,640,480,640,640,car,1,,116.731,50.074,0.0693,0.0789,False,False,False
aij_train2017_0109_000000186034.jpg,train2017,base,train2017,186034,000000186034.jpg,http://images.cocodataset.org/train2017/000000186034.jpg,5,Creative Commons Attribution-ShareAlike 2.0 (CC BY-SA 2.0),http://creativecommons.org/licenses/by-sa/2.0/,640,480,640,640,dog,1,,123.366,34.222,0.0521,0.0107,False,False,False
aij_train2017_0110_000000426874.jpg,train2017,base,train2017,426874,000000426874.jpg,http://images.cocodataset.org/train2017/000000426874.jpg,4,Creative Commons Attribution 2.0 (CC BY 2.0),http://creativecommons.org/licenses/by/2.0/,480,640,640,640,dog,1,,50.013,26.038,0.6229,0.0,True,False,False
aij_train2017_0111_000000315467.jpg,train2017,base,train2017,315467,000000315467.jpg,http://images.cocodataset.org/train2017/000000315467.jpg,4,Creative Commons Attribution 2.0 (CC BY 2.0),http://creativecommons.org/licenses/by/2.0/,640,480,640,640,chair,1,,90.002,53.984,0.2614,0.0518,False,False,False
aij_train2017_0112_000000121613.jpg,train2017,base,train2017,121613,000000121613.jpg,http://images.cocodataset.org/train2017/000000121613.jpg,4,Creative Commons Attribution 2.0 (CC BY 2.0),http://creativecommons.org/licenses/by/2.0/,516,640,640,640,chair,1,,77.306,51.922,0.3962,0.0051,True,False,False
aij_train2017_0113_000000498570.jpg,train2017,base,train2017,498570,000000498570.jpg,http://images.cocodataset.org/train2017/000000498570.jpg,4,Creative Commons Attribution 2.0 (CC BY 2.0),http://creativecommons.org/licenses/by/2.0/,500,375,640,640,car,1,,112.96,33.311,0.0651,0.0171,False,False,False
aij_train2017_0114_000000438946.jpg,train2017,base,train2017,438946,000000438946.jpg,http://images.cocodataset.org/train2017/000000438946.jpg,5,Creative Commons Attribution-ShareAlike 2.0 (CC BY-SA 2.0),http://creativecommons.org/licenses/by-sa/2.0/,600,402,640,640,car,1,,90.196,47.248,0.25,0.0267,False,False,False
aij_train2017_0115_000000579053.jpg,train2017,base,train2017,579053,000000579053.jpg,http://images.cocodataset.org/train2017/000000579053.jpg,5,Creative Commons Attribution-ShareAlike 2.0 (CC BY-SA 2.0),http://creativecommons.org/licenses/by-sa/2.0/,640,480,640,640,chair,1,,122.302,47.423,0.0797,0.0747,False,False,False
aij_train2017_0116_000000578683.jpg,train2017,base,train2017,578683,000000578683.jpg,http://images.cocodataset.org/train2017/000000578683.jpg,4,Creative Commons Attribution 2.0 (CC BY 2.0),http://creativecommons.org/licenses/by/2.0/,640,480,640,640,chair,1,,60.813,49.96,0.6961,0.0014,True,False,False
aij_train2017_0117_000000542510.jpg,train2017,base,train2017,542510,000000542510.jpg,http://images.cocodataset.org/train2017/000000542510.jpg,5,Creative Commons Attribution-ShareAlike 2.0 (CC BY-SA 2.0),http://creativecommons.org/licenses/by-sa/2.0/,640,436,640,640,car,1,,145.721,67.372,0.0404,0.3077,False,False,True
aij_train2017_0118_000000028359.jpg,train2017,base,train2017,28359,000000028359.jpg,http://images.cocodataset.org/train2017/000000028359.jpg,4,Creative Commons Attribution 2.0 (CC BY 2.0),http://creativecommons.org/licenses/by/2.0/,640,304,640,640,dog,1,,118.125,62.197,0.2195,0.077,False,True,False
aij_train2017_0119_000000048708.jpg,train2017,base,train2017,48708,000000048708.jpg,http://images.cocodataset.org/train2017/000000048708.jpg,5,Creative Commons Attribution-ShareAlike 2.0 (CC BY-SA 2.0),http://creativecommons.org/licenses/by-sa/2.0/,480,640,640,640,chair,1,,111.058,53.807,0.2185,0.01,False,False,False
aij_train2017_0120_000000027974.jpg,train2017,base,train2017,27974,000000027974.jpg,http://images.cocodataset.org/train2017/000000027974.jpg,5,Creative Commons Attribution-ShareAlike 2.0 (CC BY-SA 2.0),http://creativecommons.org/licenses/by-sa/2.0/,640,480,640,640,chair,1,,99.218,45.808,0.235,0.0047,False,False,False
aij_train2017_0121_000000048014.jpg,train2017,base,train2017,48014,000000048014.jpg,http://images.cocodataset.org/train2017/000000048014.jpg,4,Creative Commons Attribution 2.0 (CC BY 2.0),http://creativecommons.org/licenses/by/2.0/,640,427,640,640,dog,1,,110.835,48.121,0.1528,0.0197,False,False,False
aij_train2017_0122_000000532595.jpg,train2017,base,train2017,532595,000000532595.jpg,http://images.cocodataset.org/train2017/000000532595.jpg,4,Creative Commons Attribution 2.0 (CC BY 2.0),http://creativecommons.org/licenses/by/2.0/,488,640,640,640,chair,1,,100.276,79.991,0.3339,0.1378,False,True,False
aij_train2017_0123_000000349414.jpg,train2017,base,train2017,349414,000000349414.jpg,http://images.cocodataset.org/train2017/000000349414.jpg,4,Creative Commons Attribution 2.0 (CC BY 2.0),http://creativecommons.org/licenses/by/2.0/,480,640,640,640,chair,1,,127.752,46.932,0.0963,0.0512,False,False,False
aij_train2017_0124_000000284715.jpg,train2017,base,train2017,284715,000000284715.jpg,http://images.cocodataset.org/train2017/000000284715.jpg,4,Creative Commons Attribution 2.0 (CC BY 2.0),http://creativecommons.org/licenses/by/2.0/,480,640,640,640,dog,1,,77.275,61.314,0.4505,0.0162,True,False,False
aij_train2017_0125_000000456782.jpg,train2017,base,train2017,456782,000000456782.jpg,http://images.cocodataset.org/train2017/000000456782.jpg,4,Creative Commons Attribution 2.0 (CC BY 2.0),http://creativecommons.org/licenses/by/2.0/,640,480,640,640,car,1,,87.984,68.994,0.5155,0.1163,True,True,False
aij_train2017_0126_000000562458.jpg,train2017,base,train2017,562458,000000562458.jpg,http://images.cocodataset.org/train2017/000000562458.jpg,4,Creative Commons Attribution 2.0 (CC BY 2.0),http://creativecommons.org/licenses/by/2.0/,640,427,640,640,dog,1,,119.543,80.814,0.2948,0.1287,False,True,False
aij_train2017_0127_000000502866.jpg,train2017,base,train2017,502866,000000502866.jpg,http://images.cocodataset.org/train2017/000000502866.jpg,4,Creative Commons Attribution 2.0 (CC BY 2.0),http://creativecommons.org/licenses/by/2.0/,640,569,640,640,dog,1,,115.932,33.672,0.04,0.0339,False,False,False
aij_train2017_0128_000000173350.jpg,train2017,base,train2017,173350,000000173350.jpg,http://images.cocodataset.org/train2017/000000173350.jpg,5,Creative Commons Attribution-ShareAlike 2.0 (CC BY-SA 2.0),http://creativecommons.org/licenses/by-sa/2.0/,640,480,640,640,dog,1,,132.053,36.883,0.0323,0.0189,False,False,False
aij_train2017_0129_000000091617.jpg,train2017,base,train2017,91617,000000091617.jpg,http://images.cocodataset.org/train2017/000000091617.jpg,5,Creative Commons Attribution-ShareAlike 2.0 (CC BY-SA 2.0),http://creativecommons.org/licenses/by-sa/2.0/,640,480,640,640,chair,1,,60.795,40.851,0.5623,0.0,True,False,False
aij_train2017_0130_000000546944.jpg,train2017,base,train2017,546944,000000546944.jpg,http://images.cocodataset.org/train2017/000000546944.jpg,4,Creative Commons Attribution 2.0 (CC BY 2.0),http://creativecommons.org/licenses/by/2.0/,640,480,640,640,chair,1,,156.411,47.204,0.0153,0.1684,False,False,False
aij_train2017_0131_000000166474.jpg,train2017,base,train2017,166474,000000166474.jpg,http://images.cocodataset.org/train2017/000000166474.jpg,4,Creative Commons Attribution 2.0 (CC BY 2.0),http://creativecommons.org/licenses/by/2.0/,427,640,640,640,car,1,,143.034,69.156,0.1124,0.2524,False,False,True
aij_train2017_0132_000000044801.jpg,train2017,base,train2017,44801,000000044801.jpg,http://images.cocodataset.org/train2017/000000044801.jpg,4,Creative Commons Attribution 2.0 (CC BY 2.0),http://creativecommons.org/licenses/by/2.0/,500,333,640,640,car,1,,104.259,41.516,0.1388,0.0156,False,False,False
aij_train2017_0133_000000393412.jpg,train2017,base,train2017,393412,000000393412.jpg,http://images.cocodataset.org/train2017/000000393412.jpg,4,Creative Commons Attribution 2.0 (CC BY 2.0),http://creativecommons.org/licenses/by/2.0/,425,640,640,640,car,1,,128.559,60.937,0.1389,0.0807,False,False,False
aij_train2017_0134_000000361547.jpg,train2017,base,train2017,361547,000000361547.jpg,http://images.cocodataset.org/train2017/000000361547.jpg,4,Creative Commons Attribution 2.0 (CC BY 2.0),http://creativecommons.org/licenses/by/2.0/,427,640,640,640,dog,1,,103.242,43.532,0.1866,0.0,False,False,False
aij_train2017_0135_000000382278.jpg,train2017,base,train2017,382278,000000382278.jpg,http://images.cocodataset.org/train2017/000000382278.jpg,4,Creative Commons Attribution 2.0 (CC BY 2.0),http://creativecommons.org/licenses/by/2.0/,480,640,640,640,chair,1,,78.156,51.55,0.4048,0.0222,True,False,False
aij_train2017_0136_000000477104.jpg,train2017,base,train2017,477104,000000477104.jpg,http://images.cocodataset.org/train2017/000000477104.jpg,5,Creative Commons Attribution-ShareAlike 2.0 (CC BY-SA 2.0),http://creativecommons.org/licenses/by-sa/2.0/,500,273,640,640,chair,1,,126.81,51.925,0.0866,0.0598,False,False,False
aij_train2017_0137_000000324537.jpg,train2017,base,train2017,324537,000000324537.jpg,http://images.cocodataset.org/train2017/000000324537.jpg,5,Creative Commons Attribution-ShareAlike 2.0 (CC BY-SA 2.0),http://creativecommons.org/licenses/by-sa/2.0/,367,490,640,640,car,1,,96.984,49.87,0.2352,0.0296,False,False,False
aij_train2017_0138_000000283119.jpg,train2017,base,train2017,283119,000000283119.jpg,http://images.cocodataset.org/train2017/000000283119.jpg,4,Creative Commons Attribution 2.0 (CC BY 2.0),http://creativecommons.org/licenses/by/2.0/,500,400,640,640,dog,1,,130.61,54.463,0.0907,0.0934,False,False,False
aij_train2017_0139_000000527464.jpg,train2017,base,train2017,527464,000000527464.jpg,http://images.cocodataset.org/train2017/000000527464.jpg,4,Creative Commons Attribution 2.0 (CC BY 2.0),http://creativecommons.org/licenses/by/2.0/,640,480,640,640,chair,1,,76.292,49.313,0.4163,0.0214,True,False,False
aij_train2017_0140_000000103318.jpg,train2017,base,train2017,103318,000000103318.jpg,http://images.cocodataset.org/train2017/000000103318.jpg,4,Creative Commons Attribution 2.0 (CC BY 2.0),http://creativecommons.org/licenses/by/2.0/,429,480,640,640,dog,1,,78.852,45.582,0.337,0.0,True,False,False
aij_train2017_0141_000000530486.jpg,train2017,base,train2017,530486,000000530486.jpg,http://images.cocodataset.org/train2017/000000530486.jpg,4,Creative Commons Attribution 2.0 (CC BY 2.0),http://creativecommons.org/licenses/by/2.0/,640,480,640,640,chair,1,,98.631,44.019,0.1753,0.0124,False,False,False
aij_train2017_0142_000000177925.jpg,train2017,base,train2017,177925,000000177925.jpg,http://images.cocodataset.org/train2017/000000177925.jpg,4,Creative Commons Attribution 2.0 (CC BY 2.0),http://creativecommons.org/licenses/by/2.0/,612,612,640,640,chair,1,,114.541,23.126,0.0039,0.0043,False,False,False
aij_train2017_0143_000000442874.jpg,train2017,base,train2017,442874,000000442874.jpg,http://images.cocodataset.org/train2017/000000442874.jpg,4,Creative Commons Attribution 2.0 (CC BY 2.0),http://creativecommons.org/licenses/by/2.0/,640,480,640,640,chair,1,,99.941,38.388,0.0829,0.0,False,False,False
aij_train2017_0144_000000574242.jpg,train2017,base,train2017,574242,000000574242.jpg,http://images.cocodataset.org/train2017/000000574242.jpg,5,Creative Commons Attribution-ShareAlike 2.0 (CC BY-SA 2.0),http://creativecommons.org/licenses/by-sa/2.0/,640,427,640,640,car,1,,94.228,71.955,0.3195,0.105,False,True,False
aij_train2017_0145_000000474963.jpg,train2017,base,train2017,474963,000000474963.jpg,http://images.cocodataset.org/train2017/000000474963.jpg,4,Creative Commons Attribution 2.0 (CC BY 2.0),http://creativecommons.org/licenses/by/2.0/,640,424,640,640,chair,1,,126.85,77.166,0.2459,0.2364,False,True,True
aij_train2017_0146_000000005486.jpg,train2017,base,train2017,5486,000000005486.jpg,http://images.cocodataset.org/train2017/000000005486.jpg,4,Creative Commons Attribution 2.0 (CC BY 2.0),http://creativecommons.org/licenses/by/2.0/,640,426,640,640,chair,1,,117.249,81.368,0.3552,0.2485,True,True,True
aij_train2017_0147_000000397842.jpg,train2017,base,train2017,397842,000000397842.jpg,http://images.cocodataset.org/train2017/000000397842.jpg,5,Creative Commons Attribution-ShareAlike 2.0 (CC BY-SA 2.0),http://creativecommons.org/licenses/by-sa/2.0/,640,427,640,640,dog,1,,100.644,28.87,0.0963,0.0003,False,False,False
aij_train2017_0148_000000480225.jpg,train2017,base,train2017,480225,000000480225.jpg,http://images.cocodataset.org/train2017/000000480225.jpg,4,Creative Commons Attribution 2.0 (CC BY 2.0),http://creativecommons.org/licenses/by/2.0/,640,478,640,640,car,1,,99.491,66.861,0.3302,0.0867,False,True,False
aij_train2017_0149_000000262360.jpg,train2017,base,train2017,262360,000000262360.jpg,http://images.cocodataset.org/train2017/000000262360.jpg,5,Creative Commons Attribution-ShareAlike 2.0 (CC BY-SA 2.0),http://creativecommons.org/licenses/by-sa/2.0/,640,640,640,640,chair,1,,98.246,59.692,0.3367,0.0763,False,True,False
aij_train2017_0150_000000036421.jpg,train2017,base,train2017,36421,000000036421.jpg,http://images.cocodataset.org/train2017/000000036421.jpg,4,Creative Commons Attribution 2.0 (CC BY 2.0),http://creativecommons.org/licenses/by/2.0/,640,427,640,640,car,1,,102.087,37.057,0.1508,0.0013,False,False,False
aij_train2017_0151_000000203236.jpg,train2017,base,train2017,203236,000000203236.jpg,http://images.cocodataset.org/train2017/000000203236.jpg,4,Creative Commons Attribution 2.0 (CC BY 2.0),http://creativecommons.org/licenses/by/2.0/,640,480,640,640,chair,1,,130.395,35.858,0.0114,0.0479,False,False,False
aij_train2017_0152_000000093034.jpg,train2017,base,train2017,93034,000000093034.jpg,http://images.cocodataset.org/train2017/000000093034.jpg,4,Creative Commons Attribution 2.0 (CC BY 2.0),http://creativecommons.org/licenses/by/2.0/,633,640,640,640,car,1,,88.189,65.283,0.4593,0.0199,True,False,False
aij_train2017_0153_000000350421.jpg,train2017,base,train2017,350421,000000350421.jpg,http://images.cocodataset.org/train2017/000000350421.jpg,5,Creative Commons Attribution-ShareAlike 2.0 (CC BY-SA 2.0),http://creativecommons.org/licenses/by-sa/2.0/,640,427,640,640,chair,1,,64.609,63.971,0.616,0.0577,True,False,False
aij_train2017_0154_000000195797.jpg,train2017,base,train2017,195797,000000195797.jpg,http://images.cocodataset.org/train2017/000000195797.jpg,4,Creative Commons Attribution 2.0 (CC BY 2.0),http://creativecommons.org/licenses/by/2.0/,640,480,640,640,car,1,,193.895,63.859,0.0,0.5375,False,False,True
aij_train2017_0155_000000003148.jpg,train2017,base,train2017,3148,000000003148.jpg,http://images.cocodataset.org/train2017/000000003148.jpg,5,Creative Commons Attribution-ShareAlike 2.0 (CC BY-SA 2.0),http://creativecommons.org/licenses/by-sa/2.0/,500,375,640,640,car,1,,139.971,62.235,0.1328,0.0576,False,False,False
aij_train2017_0156_000000087429.jpg,train2017,base,train2017,87429,000000087429.jpg,http://images.cocodataset.org/train2017/000000087429.jpg,4,Creative Commons Attribution 2.0 (CC BY 2.0),http://creativecommons.org/licenses/by/2.0/,640,480,640,640,car,1,,101.645,39.821,0.1112,0.0389,False,False,False
aij_train2017_0157_000000191805.jpg,train2017,base,train2017,191805,000000191805.jpg,http://images.cocodataset.org/train2017/000000191805.jpg,4,Creative Commons Attribution 2.0 (CC BY 2.0),http://creativecommons.org/licenses/by/2.0/,640,480,640,640,dog,1,,97.67,68.041,0.3915,0.0645,True,False,False
aij_train2017_0158_000000332734.jpg,train2017,base,train2017,332734,000000332734.jpg,http://images.cocodataset.org/train2017/000000332734.jpg,5,Creative Commons Attribution-ShareAlike 2.0 (CC BY-SA 2.0),http://creativecommons.org/licenses/by-sa/2.0/,480,640,640,640,dog,1,,102.865,38.596,0.1539,0.0009,False,False,False
aij_train2017_0159_000000256576.jpg,train2017,base,train2017,256576,000000256576.jpg,http://images.cocodataset.org/train2017/000000256576.jpg,5,Creative Commons Attribution-ShareAlike 2.0 (CC BY-SA 2.0),http://creativecommons.org/licenses/by-sa/2.0/,500,375,640,640,car,1,,121.248,46.651,0.0396,0.0981,False,False,False
aij_train2017_0160_000000540012.jpg,train2017,base,train2017,540012,000000540012.jpg,http://images.cocodataset.org/train2017/000000540012.jpg,4,Creative Commons Attribution 2.0 (CC BY 2.0),http://creativecommons.org/licenses/by/2.0/,640,423,640,640,chair,1,,79.293,53.802,0.4075,0.0045,True,False,False
aij_train2017_0161_000000484617.jpg,train2017,base,train2017,484617,000000484617.jpg,http://images.cocodataset.org/train2017/000000484617.jpg,5,Creative Commons Attribution-ShareAlike 2.0 (CC BY-SA 2.0),http://creativecommons.org/licenses/by-sa/2.0/,640,426,640,640,chair,1,,110.035,27.88,0.0705,0.0006,False,False,False
aij_train2017_0162_000000417870.jpg,train2017,base,train2017,417870,000000417870.jpg,http://images.cocodataset.org/train2017/000000417870.jpg,4,Creative Commons Attribution 2.0 (CC BY 2.0),http://creativecommons.org/licenses/by/2.0/,640,508,640,640,car,1,,94.67,52.416,0.2532,0.0172,False,False,False
aij_train2017_0163_000000486125.jpg,train2017,base,train2017,486125,000000486125.jpg,http://images.cocodataset.org/train2017/000000486125.jpg,4,Creative Commons Attribution 2.0 (CC BY 2.0),http://creativecommons.org/licenses/by/2.0/,640,425,640,640,chair,1,,123.009,59.13,0.1443,0.0686,False,False,False
aij_train2017_0164_000000357921.jpg,train2017,base,train2017,357921,000000357921.jpg,http://images.cocodataset.org/train2017/000000357921.jpg,4,Creative Commons Attribution 2.0 (CC BY 2.0),http://creativecommons.org/licenses/by/2.0/,640,360,640,640,chair,1,,143.701,60.494,0.1353,0.16,False,False,False
aij_train2017_0165_000000121649.jpg,train2017,base,train2017,121649,000000121649.jpg,http://images.cocodataset.org/train2017/000000121649.jpg,4,Creative Commons Attribution 2.0 (CC BY 2.0),http://creativecommons.org/licenses/by/2.0/,612,612,640,640,dog,1,,132.563,55.559,0.0439,0.126,False,False,False
aij_train2017_0166_000000384907.jpg,train2017,base,train2017,384907,000000384907.jpg,http://images.cocodataset.org/train2017/000000384907.jpg,7,Flickr Commons: No known copyright restrictions,http://flickr.com/commons/usage/,640,508,640,640,chair,1,,139.877,62.835,0.0831,0.1865,False,False,False
aij_train2017_0167_000000070493.jpg,train2017,base,train2017,70493,000000070493.jpg,http://images.cocodataset.org/train2017/000000070493.jpg,4,Creative Commons Attribution 2.0 (CC BY 2.0),http://creativecommons.org/licenses/by/2.0/,500,375,640,640,dog,1,,140.406,59.424,0.0767,0.0696,False,False,False
aij_train2017_0168_000000161617.jpg,train2017,base,train2017,161617,000000161617.jpg,http://images.cocodataset.org/train2017/000000161617.jpg,4,Creative Commons Attribution 2.0 (CC BY 2.0),http://creativecommons.org/licenses/by/2.0/,640,480,640,640,dog,1,,110.026,47.978,0.1717,0.0266,False,False,False
aij_train2017_0169_000000364994.jpg,train2017,base,train2017,364994,000000364994.jpg,http://images.cocodataset.org/train2017/000000364994.jpg,5,Creative Commons Attribution-ShareAlike 2.0 (CC BY-SA 2.0),http://creativecommons.org/licenses/by-sa/2.0/,480,640,640,640,dog,1,,120.601,38.442,0.0466,0.0329,False,False,False
aij_train2017_0170_000000083624.jpg,train2017,base,train2017,83624,000000083624.jpg,http://images.cocodataset.org/train2017/000000083624.jpg,5,Creative Commons Attribution-ShareAlike 2.0 (CC BY-SA 2.0),http://creativecommons.org/licenses/by-sa/2.0/,640,480,640,640,car,1,,55.654,38.311,0.6211,0.0032,True,False,False
aij_train2017_0171_000000173484.jpg,train2017,base,train2017,173484,000000173484.jpg,http://images.cocodataset.org/train2017/000000173484.jpg,5,Creative Commons Attribution-ShareAlike 2.0 (CC BY-SA 2.0),http://creativecommons.org/licenses/by-sa/2.0/,640,420,640,640,dog,1,,167.994,68.506,0.0393,0.3714,False,False,True
aij_train2017_0172_000000218589.jpg,train2017,base,train2017,218589,000000218589.jpg,http://images.cocodataset.org/train2017/000000218589.jpg,5,Creative Commons Attribution-ShareAlike 2.0 (CC BY-SA 2.0),http://creativecommons.org/licenses/by-sa/2.0/,500,279,640,640,chair,1,,127.381,52.675,0.0616,0.0988,False,False,False
aij_train2017_0173_000000317410.jpg,train2017,base,train2017,317410,000000317410.jpg,http://images.cocodataset.org/train2017/000000317410.jpg,5,Creative Commons Attribution-ShareAlike 2.0 (CC BY-SA 2.0),http://creativecommons.org/licenses/by-sa/2.0/,640,518,640,640,car,1,,130.021,63.29,0.1387,0.1074,False,False,False
aij_train2017_0174_000000369299.jpg,train2017,base,train2017,369299,000000369299.jpg,http://images.cocodataset.org/train2017/000000369299.jpg,5,Creative Commons Attribution-ShareAlike 2.0 (CC BY-SA 2.0),http://creativecommons.org/licenses/by-sa/2.0/,640,427,640,640,car,1,,118.408,56.016,0.1649,0.0452,False,False,False
aij_train2017_0175_000000194758.jpg,train2017,base,train2017,194758,000000194758.jpg,http://images.cocodataset.org/train2017/000000194758.jpg,5,Creative Commons Attribution-ShareAlike 2.0 (CC BY-SA 2.0),http://creativecommons.org/licenses/by-sa/2.0/,640,481,640,640,chair,1,,118.841,37.251,0.0482,0.0124,False,False,False
aij_train2017_0176_000000579859.jpg,train2017,base,train2017,579859,000000579859.jpg,http://images.cocodataset.org/train2017/000000579859.jpg,4,Creative Commons Attribution 2.0 (CC BY 2.0),http://creativecommons.org/licenses/by/2.0/,413,640,640,640,car,1,,116.969,57.622,0.1558,0.1313,False,False,False
aij_train2017_0177_000000083368.jpg,train2017,base,train2017,83368,000000083368.jpg,http://images.cocodataset.org/train2017/000000083368.jpg,4,Creative Commons Attribution 2.0 (CC BY 2.0),http://creativecommons.org/licenses/by/2.0/,640,425,640,640,chair,1,,107.014,50.978,0.1343,0.0344,False,False,False
aij_train2017_0178_000000135116.jpg,train2017,base,train2017,135116,000000135116.jpg,http://images.cocodataset.org/train2017/000000135116.jpg,4,Creative Commons Attribution 2.0 (CC BY 2.0),http://creativecommons.org/licenses/by/2.0/,640,640,640,640,dog,1,,102.527,45.967,0.1814,0.0279,False,False,False
aij_train2017_0179_000000525285.jpg,train2017,base,train2017,525285,000000525285.jpg,http://images.cocodataset.org/train2017/000000525285.jpg,5,Creative Commons Attribution-ShareAlike 2.0 (CC BY-SA 2.0),http://creativecommons.org/licenses/by-sa/2.0/,612,612,640,640,dog,1,,103.496,58.093,0.2394,0.0746,False,True,False
aij_train2017_0180_000000358884.jpg,train2017,base,train2017,358884,000000358884.jpg,http://images.cocodataset.org/train2017/000000358884.jpg,4,Creative Commons Attribution 2.0 (CC BY 2.0),http://creativecommons.org/licenses/by/2.0/,360,270,640,640,dog,1,,121.585,53.28,0.1237,0.0485,False,False,False
val_0001_car_easy.jpg,val2017,base,train2017,146656,000000146656.jpg,http://images.cocodataset.org/train2017/000000146656.jpg,4,Creative Commons Attribution 2.0 (CC BY 2.0),http://creativecommons.org/licenses/by/2.0/,640,427,640,640,car,1,,101.176,48.674,0.1649,0.0689,False,False,False
val_0002_car_easy.jpg,val2017,base,train2017,183413,000000183413.jpg,http://images.cocodataset.org/train2017/000000183413.jpg,4,Creative Commons Attribution 2.0 (CC BY 2.0),http://creativecommons.org/licenses/by/2.0/,640,465,640,640,car,1,,127.875,84.482,0.2439,0.2084,False,True,False
val_0003_car_easy.jpg,val2017,base,train2017,344930,000000344930.jpg,http://images.cocodataset.org/train2017/000000344930.jpg,4,Creative Commons Attribution 2.0 (CC BY 2.0),http://creativecommons.org/licenses/by/2.0/,640,429,640,640,car,1,,117.674,71.622,0.2892,0.1068,False,True,False
val_0004_car_easy.jpg,val2017,base,train2017,112726,000000112726.jpg,http://images.cocodataset.org/train2017/000000112726.jpg,4,Creative Commons Attribution 2.0 (CC BY 2.0),http://creativecommons.org/licenses/by/2.0/,640,427,640,640,car,1,,113.348,46.91,0.0826,0.0504,False,False,False
val_0005_car_easy.jpg,val2017,base,train2017,38681,000000038681.jpg,http://images.cocodataset.org/train2017/000000038681.jpg,5,Creative Commons Attribution-ShareAlike 2.0 (CC BY-SA 2.0),http://creativecommons.org/licenses/by-sa/2.0/,640,480,640,640,car,1,,90.343,53.456,0.2953,0.0298,False,False,False
val_0006_car_easy.jpg,val2017,base,train2017,232263,000000232263.jpg,http://images.cocodataset.org/train2017/000000232263.jpg,5,Creative Commons Attribution-ShareAlike 2.0 (CC BY-SA 2.0),http://creativecommons.org/licenses/by-sa/2.0/,640,480,640,640,car,1,,110.104,50.837,0.1168,0.0426,False,False,False
val_0007_car_easy.jpg,val2017,base,train2017,301634,000000301634.jpg,http://images.cocodataset.org/train2017/000000301634.jpg,4,Creative Commons Attribution 2.0 (CC BY 2.0),http://creativecommons.org/licenses/by/2.0/,640,480,640,640,car,1,,109.906,67.056,0.218,0.1211,False,True,False
val_0008_car_easy.jpg,val2017,base,train2017,178550,000000178550.jpg,http://images.cocodataset.org/train2017/000000178550.jpg,5,Creative Commons Attribution-ShareAlike 2.0 (CC BY-SA 2.0),http://creativecommons.org/licenses/by-sa/2.0/,480,342,640,640,car,1,,111.496,42.332,0.0909,0.0229,False,False,False
val_0009_car_easy.jpg,val2017,base,train2017,167695,000000167695.jpg,http://images.cocodataset.org/train2017/000000167695.jpg,4,Creative Commons Attribution 2.0 (CC BY 2.0),http://creativecommons.org/licenses/by/2.0/,500,332,640,640,car,1,,121.891,47.579,0.0632,0.0792,False,False,False
val_0010_car_easy.jpg,val2017,base,train2017,553879,000000553879.jpg,http://images.cocodataset.org/train2017/000000553879.jpg,4,Creative Commons Attribution 2.0 (CC BY 2.0),http://creativecommons.org/licenses/by/2.0/,640,480,640,640,car,1,,150.983,30.769,0.0184,0.0543,False,False,False
val_0011_car_easy.jpg,val2017,base,train2017,182054,000000182054.jpg,http://images.cocodataset.org/train2017/000000182054.jpg,5,Creative Commons Attribution-ShareAlike 2.0 (CC BY-SA 2.0),http://creativecommons.org/licenses/by-sa/2.0/,500,332,640,640,car,1,,112.087,60.371,0.1934,0.0547,False,False,False
val_0012_car_easy.jpg,val2017,base,train2017,467311,000000467311.jpg,http://images.cocodataset.org/train2017/000000467311.jpg,5,Creative Commons Attribution-ShareAlike 2.0 (CC BY-SA 2.0),http://creativecommons.org/licenses/by-sa/2.0/,640,429,640,640,car,1,,100.37,47.667,0.192,0.0,False,False,False
val_0013_car_easy.jpg,val2017,base,train2017,302687,000000302687.jpg,http://images.cocodataset.org/train2017/000000302687.jpg,4,Creative Commons Attribution 2.0 (CC BY 2.0),http://creativecommons.org/licenses/by/2.0/,640,372,640,640,car,1,,118.206,57.424,0.1666,0.0095,False,False,False
val_0014_car_easy.jpg,val2017,base,train2017,202523,000000202523.jpg,http://images.cocodataset.org/train2017/000000202523.jpg,5,Creative Commons Attribution-ShareAlike 2.0 (CC BY-SA 2.0),http://creativecommons.org/licenses/by-sa/2.0/,612,612,640,640,car,1,,84.214,37.906,0.2656,0.0,True,False,False
val_0015_car_easy.jpg,val2017,base,train2017,146857,000000146857.jpg,http://images.cocodataset.org/train2017/000000146857.jpg,5,Creative Commons Attribution-ShareAlike 2.0 (CC BY-SA 2.0),http://creativecommons.org/licenses/by-sa/2.0/,640,480,640,640,car,1,,106.374,57.543,0.2242,0.0108,False,False,False
val_0016_car_easy.jpg,val2017,base,train2017,88021,000000088021.jpg,http://images.cocodataset.org/train2017/000000088021.jpg,4,Creative Commons Attribution 2.0 (CC BY 2.0),http://creativecommons.org/licenses/by/2.0/,640,553,640,640,car,1,,116.875,36.152,0.0596,0.0212,False,False,False
val_0017_car_easy.jpg,val2017,base,train2017,301769,000000301769.jpg,http://images.cocodataset.org/train2017/000000301769.jpg,4,Creative Commons Attribution 2.0 (CC BY 2.0),http://creativecommons.org/licenses/by/2.0/,420,640,640,640,car,1,,74.929,45.616,0.3698,0.0043,True,False,False
val_0018_car_easy.jpg,val2017,base,train2017,302538,000000302538.jpg,http://images.cocodataset.org/train2017/000000302538.jpg,5,Creative Commons Attribution-ShareAlike 2.0 (CC BY-SA 2.0),http://creativecommons.org/licenses/by-sa/2.0/,478,640,640,640,car,1,,67.086,38.187,0.3966,0.0,True,False,False
val_0019_car_cand.jpg,val2017,candidate,train2017,218397,000000218397.jpg,http://images.cocodataset.org/train2017/000000218397.jpg,4,Creative Commons Attribution 2.0 (CC BY 2.0),http://creativecommons.org/licenses/by/2.0/,640,480,640,640,car,1,large,113.796,62.732,0.1864,0.0545,False,False,False
val_0020_car_cand.jpg,val2017,candidate,train2017,482024,000000482024.jpg,http://images.cocodataset.org/train2017/000000482024.jpg,5,Creative Commons Attribution-ShareAlike 2.0 (CC BY-SA 2.0),http://creativecommons.org/licenses/by-sa/2.0/,640,478,640,640,car,2,large,121.954,53.658,0.0891,0.1266,False,False,False
val_0021_dog_easy.jpg,val2017,base,train2017,482789,000000482789.jpg,http://images.cocodataset.org/train2017/000000482789.jpg,4,Creative Commons Attribution 2.0 (CC BY 2.0),http://creativecommons.org/licenses/by/2.0/,500,471,640,640,dog,1,,110.293,74.163,0.2734,0.1971,False,True,False
val_0022_dog_easy.jpg,val2017,base,train2017,450672,000000450672.jpg,http://images.cocodataset.org/train2017/000000450672.jpg,4,Creative Commons Attribution 2.0 (CC BY 2.0),http://creativecommons.org/licenses/by/2.0/,640,427,640,640,dog,1,,39.245,35.102,0.791,0.0004,True,False,False
val_0023_dog_easy.jpg,val2017,base,train2017,176298,000000176298.jpg,http://images.cocodataset.org/train2017/000000176298.jpg,5,Creative Commons Attribution-ShareAlike 2.0 (CC BY-SA 2.0),http://creativecommons.org/licenses/by-sa/2.0/,640,404,640,640,dog,1,,145.425,61.57,0.0531,0.2105,False,False,False
val_0024_dog_easy.jpg,val2017,base,train2017,317781,000000317781.jpg,http://images.cocodataset.org/train2017/000000317781.jpg,4,Creative Commons Attribution 2.0 (CC BY 2.0),http://creativecommons.org/licenses/by/2.0/,568,640,640,640,dog,1,,137.764,62.112,0.1104,0.1491,False,False,False
val_0025_dog_easy.jpg,val2017,base,train2017,406976,000000406976.jpg,http://images.cocodataset.org/train2017/000000406976.jpg,4,Creative Commons Attribution 2.0 (CC BY 2.0),http://creativecommons.org/licenses/by/2.0/,500,400,640,640,dog,1,,103.397,47.616,0.1275,0.0518,False,False,False
val_0026_dog_easy.jpg,val2017,base,train2017,309840,000000309840.jpg,http://images.cocodataset.org/train2017/000000309840.jpg,4,Creative Commons Attribution 2.0 (CC BY 2.0),http://creativecommons.org/licenses/by/2.0/,640,426,640,640,dog,1,,147.303,85.004,0.2215,0.3368,False,True,True
val_0027_dog_easy.jpg,val2017,base,train2017,320379,000000320379.jpg,http://images.cocodataset.org/train2017/000000320379.jpg,4,Creative Commons Attribution 2.0 (CC BY 2.0),http://creativecommons.org/licenses/by/2.0/,500,375,640,640,dog,1,,98.21,53.81,0.2203,0.0545,False,False,False
val_0028_dog_easy.jpg,val2017,base,train2017,314751,000000314751.jpg,http://images.cocodataset.org/train2017/000000314751.jpg,4,Creative Commons Attribution 2.0 (CC BY 2.0),http://creativecommons.org/licenses/by/2.0/,425,640,640,640,dog,1,,106.592,50.329,0.1505,0.0436,False,False,False
val_0029_dog_easy.jpg,val2017,base,train2017,541212,000000541212.jpg,http://images.cocodataset.org/train2017/000000541212.jpg,4,Creative Commons Attribution 2.0 (CC BY 2.0),http://creativecommons.org/licenses/by/2.0/,640,640,640,640,dog,1,,101.408,83.559,0.4017,0.1545,True,True,False
val_0030_dog_easy.jpg,val2017,base,train2017,278550,000000278550.jpg,http://images.cocodataset.org/train2017/000000278550.jpg,4,Creative Commons Attribution 2.0 (CC BY 2.0),http://creativecommons.org/licenses/by/2.0/,311,308,640,640,dog,1,,124.236,43.251,0.0429,0.0298,False,False,False
val_0031_dog_easy.jpg,val2017,base,train2017,140252,000000140252.jpg,http://images.cocodataset.org/train2017/000000140252.jpg,4,Creative Commons Attribution 2.0 (CC BY 2.0),http://creativecommons.org/licenses/by/2.0/,424,640,640,640,dog,1,,119.352,38.178,0.0557,0.015,False,False,False
val_0032_dog_easy.jpg,val2017,base,train2017,102763,000000102763.jpg,http://images.cocodataset.org/train2017/000000102763.jpg,5,Creative Commons Attribution-ShareAlike 2.0 (CC BY-SA 2.0),http://creativecommons.org/licenses/by-sa/2.0/,640,432,640,640,dog,1,,108.31,67.676,0.282,0.083,False,True,False
val_0033_dog_easy.jpg,val2017,base,train2017,218406,000000218406.jpg,http://images.cocodataset.org/train2017/000000218406.jpg,5,Creative Commons Attribution-ShareAlike 2.0 (CC BY-SA 2.0),http://creativecommons.org/licenses/by-sa/2.0/,359,640,640,640,dog,1,,147.7,66.911,0.1272,0.2119,False,False,False
val_0034_dog_easy.jpg,val2017,base,train2017,440455,000000440455.jpg,http://images.cocodataset.org/train2017/000000440455.jpg,4,Creative Commons Attribution 2.0 (CC BY 2.0),http://creativecommons.org/licenses/by/2.0/,640,425,640,640,dog,1,,109.791,69.408,0.2948,0.0963,False,True,False
val_0035_dog_easy.jpg,val2017,base,train2017,169353,000000169353.jpg,http://images.cocodataset.org/train2017/000000169353.jpg,4,Creative Commons Attribution 2.0 (CC BY 2.0),http://creativecommons.org/licenses/by/2.0/,426,640,640,640,dog,1,,52.418,43.221,0.6389,0.0,True,False,False
val_0036_dog_easy.jpg,val2017,base,train2017,93430,000000093430.jpg,http://images.cocodataset.org/train2017/000000093430.jpg,4,Creative Commons Attribution 2.0 (CC BY 2.0),http://creativecommons.org/licenses/by/2.0/,640,480,640,640,dog,1,,108.08,63.85,0.3653,0.0387,True,False,False
val_0037_dog_easy.jpg,val2017,base,train2017,503992,000000503992.jpg,http://images.cocodataset.org/train2017/000000503992.jpg,4,Creative Commons Attribution 2.0 (CC BY 2.0),http://creativecommons.org/licenses/by/2.0/,500,375,640,640,dog,1,,94.012,56.405,0.3426,0.0,True,False,False
val_0038_dog_easy.jpg,val2017,base,train2017,173515,000000173515.jpg,http://images.cocodataset.org/train2017/000000173515.jpg,4,Creative Commons Attribution 2.0 (CC BY 2.0),http://creativecommons.org/licenses/by/2.0/,640,427,640,640,dog,1,,109.896,94.896,0.5173,0.2738,True,True,True
val_0039_dog_cand.jpg,val2017,candidate,train2017,147890,000000147890.jpg,http://images.cocodataset.org/train2017/000000147890.jpg,4,Creative Commons Attribution 2.0 (CC BY 2.0),http://creativecommons.org/licenses/by/2.0/,640,558,640,640,dog,1,small,114.223,4.23,0.0001,0.0003,False,False,False
val_0040_dog_cand.jpg,val2017,hard,train2017,180765,000000180765.jpg,http://images.cocodataset.org/train2017/000000180765.jpg,4,Creative Commons Attribution 2.0 (CC BY 2.0),http://creativecommons.org/licenses/by/2.0/,640,480,640,640,car;dog,2,medium,113.382,55.094,0.1593,0.0678,False,False,False
val_0041_chair_easy.jpg,val2017,base,train2017,155795,000000155795.jpg,http://images.cocodataset.org/train2017/000000155795.jpg,4,Creative Commons Attribution 2.0 (CC BY 2.0),http://creativecommons.org/licenses/by/2.0/,640,426,640,640,chair,1,,60.989,62.106,0.5925,0.0462,True,False,False
val_0042_chair_easy.jpg,val2017,base,train2017,233625,000000233625.jpg,http://images.cocodataset.org/train2017/000000233625.jpg,4,Creative Commons Attribution 2.0 (CC BY 2.0),http://creativecommons.org/licenses/by/2.0/,640,424,640,640,chair,1,,88.148,54.664,0.3217,0.0,True,False,False
val_0043_chair_easy.jpg,val2017,base,train2017,273086,000000273086.jpg,http://images.cocodataset.org/train2017/000000273086.jpg,4,Creative Commons Attribution 2.0 (CC BY 2.0),http://creativecommons.org/licenses/by/2.0/,640,616,640,640,chair,1,,51.769,49.55,0.6487,0.0,True,False,False
val_0044_chair_easy.jpg,val2017,base,train2017,181485,000000181485.jpg,http://images.cocodataset.org/train2017/000000181485.jpg,5,Creative Commons Attribution-ShareAlike 2.0 (CC BY-SA 2.0),http://creativecommons.org/licenses/by-sa/2.0/,612,612,640,640,chair,1,,151.232,65.611,0.0,0.2856,False,False,True
val_0045_chair_easy.jpg,val2017,base,train2017,234022,000000234022.jpg,http://images.cocodataset.org/train2017/000000234022.jpg,4,Creative Commons Attribution 2.0 (CC BY 2.0),http://creativecommons.org/licenses/by/2.0/,640,374,640,640,chair,1,,78.926,43.807,0.3677,0.0084,True,False,False
val_0046_chair_easy.jpg,val2017,base,train2017,48870,000000048870.jpg,http://images.cocodataset.org/train2017/000000048870.jpg,4,Creative Commons Attribution 2.0 (CC BY 2.0),http://creativecommons.org/licenses/by/2.0/,375,500,640,640,chair,1,,57.067,49.828,0.5433,0.0001,True,False,False
val_0047_chair_easy.jpg,val2017,base,train2017,157811,000000157811.jpg,http://images.cocodataset.org/train2017/000000157811.jpg,5,Creative Commons Attribution-ShareAlike 2.0 (CC BY-SA 2.0),http://creativecommons.org/licenses/by-sa/2.0/,640,428,640,640,chair,1,,97.888,44.876,0.1861,0.0309,False,False,False
val_0048_chair_easy.jpg,val2017,base,train2017,181475,000000181475.jpg,http://images.cocodataset.org/train2017/000000181475.jpg,5,Creative Commons Attribution-ShareAlike 2.0 (CC BY-SA 2.0),http://creativecommons.org/licenses/by-sa/2.0/,640,544,640,640,chair,1,,132.343,67.965,0.0686,0.2092,False,False,False
val_0049_chair_easy.jpg,val2017,base,train2017,404905,000000404905.jpg,http://images.cocodataset.org/train2017/000000404905.jpg,4,Creative Commons Attribution 2.0 (CC BY 2.0),http://creativecommons.org/licenses/by/2.0/,478,640,640,640,chair,1,,101.482,57.076,0.2341,0.068,False,False,False
val_0050_chair_easy.jpg,val2017,base,train2017,504980,000000504980.jpg,http://images.cocodataset.org/train2017/000000504980.jpg,4,Creative Commons Attribution 2.0 (CC BY 2.0),http://creativecommons.org/licenses/by/2.0/,567,567,640,640,chair,1,,139.799,48.251,0.0217,0.1368,False,False,False
val_0051_chair_easy.jpg,val2017,base,train2017,496301,000000496301.jpg,http://images.cocodataset.org/train2017/000000496301.jpg,5,Creative Commons Attribution-ShareAlike 2.0 (CC BY-SA 2.0),http://creativecommons.org/licenses/by-sa/2.0/,640,427,640,640,chair,1,,117.059,53.613,0.1347,0.0975,False,False,False
val_0052_chair_easy.jpg,val2017,base,train2017,140481,000000140481.jpg,http://images.cocodataset.org/train2017/000000140481.jpg,7,Flickr Commons: No known copyright restrictions,http://flickr.com/commons/usage/,640,516,640,640,chair,1,,111.974,45.912,0.1251,0.0579,False,False,False
val_0053_chair_easy.jpg,val2017,base,train2017,444941,000000444941.jpg,http://images.cocodataset.org/train2017/000000444941.jpg,4,Creative Commons Attribution 2.0 (CC BY 2.0),http://creativecommons.org/licenses/by/2.0/,500,375,640,640,chair,1,,131.736,58.666,0.1211,0.1254,False,False,False
val_0054_chair_easy.jpg,val2017,base,train2017,74820,000000074820.jpg,http://images.cocodataset.org/train2017/000000074820.jpg,4,Creative Commons Attribution 2.0 (CC BY 2.0),http://creativecommons.org/licenses/by/2.0/,548,640,640,640,chair,1,,93.57,28.491,0.0992,0.0011,False,False,False
val_0055_chair_easy.jpg,val2017,base,train2017,562516,000000562516.jpg,http://images.cocodataset.org/train2017/000000562516.jpg,5,Creative Commons Attribution-ShareAlike 2.0 (CC BY-SA 2.0),http://creativecommons.org/licenses/by-sa/2.0/,640,425,640,640,chair,1,,113.486,53.228,0.1493,0.0386,False,False,False
val_0056_chair_easy.jpg,val2017,base,train2017,46728,000000046728.jpg,http://images.cocodataset.org/train2017/000000046728.jpg,4,Creative Commons Attribution 2.0 (CC BY 2.0),http://creativecommons.org/licenses/by/2.0/,640,433,640,640,chair,1,,104.22,38.638,0.0997,0.0065,False,False,False
val_0057_chair_easy.jpg,val2017,base,train2017,214724,000000214724.jpg,http://images.cocodataset.org/train2017/000000214724.jpg,4,Creative Commons Attribution 2.0 (CC BY 2.0),http://creativecommons.org/licenses/by/2.0/,500,333,640,640,chair,1,,64.962,66.716,0.5679,0.0644,True,False,False
val_0058_chair_easy.jpg,val2017,base,train2017,463800,000000463800.jpg,http://images.cocodataset.org/train2017/000000463800.jpg,7,Flickr Commons: No known copyright restrictions,http://flickr.com/commons/usage/,431,640,640,640,chair,1,,132.496,47.509,0.0944,0.0002,False,False,False
val_0059_chair_cand.jpg,val2017,candidate,train2017,173464,000000173464.jpg,http://images.cocodataset.org/train2017/000000173464.jpg,4,Creative Commons Attribution 2.0 (CC BY 2.0),http://creativecommons.org/licenses/by/2.0/,640,427,640,640,chair,2,small,111.964,20.783,0.0337,0.0075,False,False,False
val_0060_chair_cand.jpg,val2017,candidate,train2017,543531,000000543531.jpg,http://images.cocodataset.org/train2017/000000543531.jpg,5,Creative Commons Attribution-ShareAlike 2.0 (CC BY-SA 2.0),http://creativecommons.org/licenses/by-sa/2.0/,640,426,640,640,chair,2,small,105.645,28.662,0.089,0.0052,False,False,False
test_0001_car_small_000000492104.jpg,test2017,candidate,train2017,492104,000000492104.jpg,http://images.cocodataset.org/train2017/000000492104.jpg,4,Creative Commons Attribution 2.0 (CC BY 2.0),http://creativecommons.org/licenses/by/2.0/,640,427,640,640,car,2,small,114.701,28.582,0.0404,0.0101,False,False,False
test_0002_car_small_000000104046.jpg,test2017,hard,train2017,104046,000000104046.jpg,http://images.cocodataset.org/train2017/000000104046.jpg,5,Creative Commons Attribution-ShareAlike 2.0 (CC BY-SA 2.0),http://creativecommons.org/licenses/by-sa/2.0/,640,427,640,640,car,1,small,106.627,53.716,0.1773,0.0542,False,False,False
test_0003_car_small_000000313164.jpg,test2017,candidate,train2017,313164,000000313164.jpg,http://images.cocodataset.org/train2017/000000313164.jpg,4,Creative Commons Attribution 2.0 (CC BY 2.0),http://creativecommons.org/licenses/by/2.0/,640,480,640,640,car;chair,2,small,114.203,9.665,0.0031,0.002,False,False,False
test_0004_car_small_000000440302.jpg,test2017,candidate,train2017,440302,000000440302.jpg,http://images.cocodataset.org/train2017/000000440302.jpg,4,Creative Commons Attribution 2.0 (CC BY 2.0),http://creativecommons.org/licenses/by/2.0/,640,426,640,640,car,2,small,119.585,19.622,0.0011,0.0148,False,False,False
test_0005_car_small_000000198486.jpg,test2017,hard,train2017,198486,000000198486.jpg,http://images.cocodataset.org/train2017/000000198486.jpg,4,Creative Commons Attribution 2.0 (CC BY 2.0),http://creativecommons.org/licenses/by/2.0/,640,480,640,640,car,1,small,113.906,4.742,0.0014,0.0005,False,False,False
test_0006_car_small_000000494174.jpg,test2017,candidate,train2017,494174,000000494174.jpg,http://images.cocodataset.org/train2017/000000494174.jpg,5,Creative Commons Attribution-ShareAlike 2.0 (CC BY-SA 2.0),http://creativecommons.org/licenses/by-sa/2.0/,376,500,640,640,car,2,small,113.924,2.943,0.0009,0.0,False,False,False
test_0007_car_medium_000000195598.jpg,test2017,hard,train2017,195598,000000195598.jpg,http://images.cocodataset.org/train2017/000000195598.jpg,4,Creative Commons Attribution 2.0 (CC BY 2.0),http://creativecommons.org/licenses/by/2.0/,640,425,640,640,car,1,medium,127.937,33.177,0.0366,0.0,False,False,False
test_0008_car_medium_000000199534.jpg,test2017,candidate,train2017,199534,000000199534.jpg,http://images.cocodataset.org/train2017/000000199534.jpg,5,Creative Commons Attribution-ShareAlike 2.0 (CC BY-SA 2.0),http://creativecommons.org/licenses/by-sa/2.0/,640,428,640,640,car,2,medium,111.863,38.386,0.0661,0.0089,False,False,False
test_0009_car_medium_000000382448.jpg,test2017,hard,train2017,382448,000000382448.jpg,http://images.cocodataset.org/train2017/000000382448.jpg,4,Creative Commons Attribution 2.0 (CC BY 2.0),http://creativecommons.org/licenses/by/2.0/,640,427,640,640,car,2,medium,100.573,45.046,0.1863,0.0238,False,False,False
test_0010_car_medium_000000170545.jpg,test2017,hard,val2017,170545,000000170545.jpg,http://images.cocodataset.org/val2017/000000170545.jpg,5,Creative Commons Attribution-ShareAlike 2.0 (CC BY-SA 2.0),http://creativecommons.org/licenses/by-sa/2.0/,640,480,640,640,car,1,medium,47.139,37.843,0.5579,0.007,True,False,False
test_0011_car_medium_000000069136.jpg,test2017,candidate,train2017,69136,000000069136.jpg,http://images.cocodataset.org/train2017/000000069136.jpg,5,Creative Commons Attribution-ShareAlike 2.0 (CC BY-SA 2.0),http://creativecommons.org/licenses/by-sa/2.0/,500,338,640,640,car,1,medium,142.467,64.047,0.1275,0.1916,False,False,False
test_0012_car_medium_000000369878.jpg,test2017,candidate,train2017,369878,000000369878.jpg,http://images.cocodataset.org/train2017/000000369878.jpg,4,Creative Commons Attribution 2.0 (CC BY 2.0),http://creativecommons.org/licenses/by/2.0/,640,427,640,640,car,2,medium,136.349,61.488,0.0749,0.1593,False,False,False
test_0013_car_medium_000000015273.jpg,test2017,candidate,train2017,15273,000000015273.jpg,http://images.cocodataset.org/train2017/000000015273.jpg,4,Creative Commons Attribution 2.0 (CC BY 2.0),http://creativecommons.org/licenses/by/2.0/,640,512,640,640,car,1,medium,113.419,13.56,0.0141,0.0,False,False,False
test_0014_car_large_000000481454.jpg,test2017,candidate,train2017,481454,000000481454.jpg,http://images.cocodataset.org/train2017/000000481454.jpg,5,Creative Commons Attribution-ShareAlike 2.0 (CC BY-SA 2.0),http://creativecommons.org/licenses/by-sa/2.0/,640,425,640,640,car,1,large,164.934,47.4,0.0012,0.2588,False,False,True
test_0015_car_large_000000202617.jpg,test2017,candidate,train2017,202617,000000202617.jpg,http://images.cocodataset.org/train2017/000000202617.jpg,4,Creative Commons Attribution 2.0 (CC BY 2.0),http://creativecommons.org/licenses/by/2.0/,640,427,640,640,car,2,large,70.207,58.277,0.524,0.029,True,False,False
test_0016_car_large_000000444037.jpg,test2017,candidate,train2017,444037,000000444037.jpg,http://images.cocodataset.org/train2017/000000444037.jpg,5,Creative Commons Attribution-ShareAlike 2.0 (CC BY-SA 2.0),http://creativecommons.org/licenses/by-sa/2.0/,612,612,640,640,car,2,large,73.103,42.016,0.3979,0.0006,True,False,False
test_0017_car_large_000000097434.jpg,test2017,candidate,train2017,97434,000000097434.jpg,http://images.cocodataset.org/train2017/000000097434.jpg,4,Creative Commons Attribution 2.0 (CC BY 2.0),http://creativecommons.org/licenses/by/2.0/,640,266,640,640,car,2,large,81.754,58.689,0.3904,0.0137,True,False,False
test_0018_car_large_000000129977.jpg,test2017,candidate,train2017,129977,000000129977.jpg,http://images.cocodataset.org/train2017/000000129977.jpg,4,Creative Commons Attribution 2.0 (CC BY 2.0),http://creativecommons.org/licenses/by/2.0/,640,480,640,640,car,2,large,72.247,68.204,0.6018,0.0908,True,True,False
test_0019_car_large_000000016616.jpg,test2017,candidate,train2017,16616,000000016616.jpg,http://images.cocodataset.org/train2017/000000016616.jpg,5,Creative Commons Attribution-ShareAlike 2.0 (CC BY-SA 2.0),http://creativecommons.org/licenses/by-sa/2.0/,640,408,640,640,car,1,large,105.257,54.495,0.219,0.0366,False,False,False
test_0020_car_large_000000513703.jpg,test2017,candidate,train2017,513703,000000513703.jpg,http://images.cocodataset.org/train2017/000000513703.jpg,4,Creative Commons Attribution 2.0 (CC BY 2.0),http://creativecommons.org/licenses/by/2.0/,640,586,640,640,car,1,large,127.745,59.11,0.0868,0.1112,False,False,False
test_0021_dog_small_000000106900.jpg,test2017,hard,train2017,106900,000000106900.jpg,http://images.cocodataset.org/train2017/000000106900.jpg,4,Creative Commons Attribution 2.0 (CC BY 2.0),http://creativecommons.org/licenses/by/2.0/,640,428,640,640,dog,1,small,115.432,13.759,0.0022,0.0106,False,False,False
test_0022_dog_small_000000183197.jpg,test2017,hard,train2017,183197,000000183197.jpg,http://images.cocodataset.org/train2017/000000183197.jpg,5,Creative Commons Attribution-ShareAlike 2.0 (CC BY-SA 2.0),http://creativecommons.org/licenses/by-sa/2.0/,480,640,640,640,dog,1,small,116.017,21.143,0.0077,0.0199,False,False,False
test_0023_dog_small_000000145544.jpg,test2017,hard,train2017,145544,000000145544.jpg,http://images.cocodataset.org/train2017/000000145544.jpg,4,Creative Commons Attribution 2.0 (CC BY 2.0),http://creativecommons.org/licenses/by/2.0/,640,426,640,640,dog,1,small,114.135,4.565,0.0007,0.0,False,False,False
test_0024_dog_small_000000227227.jpg,test2017,hard,train2017,227227,000000227227.jpg,http://images.cocodataset.org/train2017/000000227227.jpg,4,Creative Commons Attribution 2.0 (CC BY 2.0),http://creativecommons.org/licenses/by/2.0/,500,334,640,640,car;dog,2,small,113.762,6.487,0.0032,0.0003,False,False,False
test_0025_dog_small_000000000309.jpg,test2017,candidate,train2017,309,000000000309.jpg,http://images.cocodataset.org/train2017/000000000309.jpg,4,Creative Commons Attribution 2.0 (CC BY 2.0),http://creativecommons.org/licenses/by/2.0/,600,600,640,640,dog,1,small,112.815,12.54,0.0139,0.0,False,False,False
test_0026_dog_small_000000151528.jpg,test2017,hard,train2017,151528,000000151528.jpg,http://images.cocodataset.org/train2017/000000151528.jpg,4,Creative Commons Attribution 2.0 (CC BY 2.0),http://creativecommons.org/licenses/by/2.0/,500,440,640,640,dog,1,small,114.361,5.059,0.0005,0.0,False,False,False
test_0027_dog_medium_000000553396.jpg,test2017,hard,train2017,553396,000000553396.jpg,http://images.cocodataset.org/train2017/000000553396.jpg,4,Creative Commons Attribution 2.0 (CC BY 2.0),http://creativecommons.org/licenses/by/2.0/,640,424,640,640,dog,2,medium,113.148,11.343,0.0111,0.0009,False,False,False
test_0028_dog_medium_000000261563.jpg,test2017,hard,train2017,261563,000000261563.jpg,http://images.cocodataset.org/train2017/000000261563.jpg,4,Creative Commons Attribution 2.0 (CC BY 2.0),http://creativecommons.org/licenses/by/2.0/,640,480,640,640,dog,2,medium,120.362,21.372,0.0,0.0019,False,False,False
test_0029_dog_medium_000000383780.jpg,test2017,candidate,train2017,383780,000000383780.jpg,http://images.cocodataset.org/train2017/000000383780.jpg,4,Creative Commons Attribution 2.0 (CC BY 2.0),http://creativecommons.org/licenses/by/2.0/,640,480,640,640,dog,2,medium,112.918,13.51,0.0141,0.0027,False,False,False
test_0030_dog_medium_000000370765.jpg,test2017,candidate,train2017,370765,000000370765.jpg,http://images.cocodataset.org/train2017/000000370765.jpg,5,Creative Commons Attribution-ShareAlike 2.0 (CC BY-SA 2.0),http://creativecommons.org/licenses/by-sa/2.0/,640,480,640,640,dog,2,medium,113.532,9.465,0.0074,0.0009,False,False,False
test_0031_dog_medium_000000579239.jpg,test2017,hard,train2017,579239,000000579239.jpg,http://images.cocodataset.org/train2017/000000579239.jpg,7,Flickr Commons: No known copyright restrictions,http://flickr.com/commons/usage/,595,438,640,640,dog,1,medium,92.963,65.728,0.3015,0.1013,False,True,False
test_0032_dog_medium_000000120466.jpg,test2017,candidate,train2017,120466,000000120466.jpg,http://images.cocodataset.org/train2017/000000120466.jpg,4,Creative Commons Attribution 2.0 (CC BY 2.0),http://creativecommons.org/licenses/by/2.0/,426,640,640,640,dog,1,medium,116.258,24.669,0.0141,0.0234,False,False,False
test_0033_dog_medium_000000259567.jpg,test2017,candidate,train2017,259567,000000259567.jpg,http://images.cocodataset.org/train2017/000000259567.jpg,4,Creative Commons Attribution 2.0 (CC BY 2.0),http://creativecommons.org/licenses/by/2.0/,640,427,640,640,dog,2,medium,114.094,12.713,0.0095,0.0018,False,False,False
test_0034_dog_large_000000224869.jpg,test2017,hard,train2017,224869,000000224869.jpg,http://images.cocodataset.org/train2017/000000224869.jpg,4,Creative Commons Attribution 2.0 (CC BY 2.0),http://creativecommons.org/licenses/by/2.0/,640,480,640,640,car;dog,2,large,132.743,60.136,0.1402,0.0209,False,False,False
test_0035_dog_large_000000474709.jpg,test2017,hard,train2017,474709,000000474709.jpg,http://images.cocodataset.org/train2017/000000474709.jpg,4,Creative Commons Attribution 2.0 (CC BY 2.0),http://creativecommons.org/licenses/by/2.0/,640,480,640,640,dog,2,large,121.911,38.786,0.0297,0.027,False,False,False
test_0036_dog_large_000000062581.jpg,test2017,hard,train2017,62581,000000062581.jpg,http://images.cocodataset.org/train2017/000000062581.jpg,4,Creative Commons Attribution 2.0 (CC BY 2.0),http://creativecommons.org/licenses/by/2.0/,640,480,640,640,dog,2,large,68.802,29.2,0.3268,0.0,True,False,False
test_0037_dog_large_000000310672.jpg,test2017,hard,train2017,310672,000000310672.jpg,http://images.cocodataset.org/train2017/000000310672.jpg,4,Creative Commons Attribution 2.0 (CC BY 2.0),http://creativecommons.org/licenses/by/2.0/,640,425,640,640,chair;dog,2,large,103.536,42.41,0.1289,0.0211,False,False,False
test_0038_dog_small_000000149623.jpg,test2017,candidate,train2017,149623,000000149623.jpg,http://images.cocodataset.org/train2017/000000149623.jpg,4,Creative Commons Attribution 2.0 (CC BY 2.0),http://creativecommons.org/licenses/by/2.0/,640,444,640,640,dog,1,small,113.473,6.858,0.0017,0.0002,False,False,False
test_0039_dog_small_000000444804.jpg,test2017,hard,train2017,444804,000000444804.jpg,http://images.cocodataset.org/train2017/000000444804.jpg,4,Creative Commons Attribution 2.0 (CC BY 2.0),http://creativecommons.org/licenses/by/2.0/,640,427,640,640,dog,1,small,114.616,17.181,0.014,0.0063,False,False,False
test_0040_dog_small_000000457686.jpg,test2017,candidate,train2017,457686,000000457686.jpg,http://images.cocodataset.org/train2017/000000457686.jpg,4,Creative Commons Attribution 2.0 (CC BY 2.0),http://creativecommons.org/licenses/by/2.0/,640,416,640,640,dog,1,small,113.959,3.658,0.0007,0.0003,False,False,False
test_0041_chair_small_000000001244.jpg,test2017,hard,train2017,1244,000000001244.jpg,http://images.cocodataset.org/train2017/000000001244.jpg,5,Creative Commons Attribution-ShareAlike 2.0 (CC BY-SA 2.0),http://creativecommons.org/licenses/by-sa/2.0/,640,479,640,640,chair,1,small,127.788,37.372,0.0061,0.0991,False,False,False
test_0042_chair_small_000000451412.jpg,test2017,candidate,train2017,451412,000000451412.jpg,http://images.cocodataset.org/train2017/000000451412.jpg,4,Creative Commons Attribution 2.0 (CC BY 2.0),http://creativecommons.org/licenses/by/2.0/,427,640,640,640,chair,1,small,113.106,9.451,0.0096,0.0,False,False,False
test_0043_chair_small_000000443579.jpg,test2017,hard,train2017,443579,000000443579.jpg,http://images.cocodataset.org/train2017/000000443579.jpg,4,Creative Commons Attribution 2.0 (CC BY 2.0),http://creativecommons.org/licenses/by/2.0/,640,480,640,640,chair,1,small,117.758,31.847,0.0371,0.0391,False,False,False
test_0044_chair_small_000000580454.jpg,test2017,candidate,train2017,580454,000000580454.jpg,http://images.cocodataset.org/train2017/000000580454.jpg,4,Creative Commons Attribution 2.0 (CC BY 2.0),http://creativecommons.org/licenses/by/2.0/,640,480,640,640,chair,1,small,113.582,6.072,0.0044,0.0,False,False,False
test_0045_chair_small_000000426076.jpg,test2017,hard,train2017,426076,000000426076.jpg,http://images.cocodataset.org/train2017/000000426076.jpg,4,Creative Commons Attribution 2.0 (CC BY 2.0),http://creativecommons.org/licenses/by/2.0/,640,480,640,640,chair,1,small,114.302,8.558,0.0028,0.0014,False,False,False
test_0046_chair_small_000000514088.jpg,test2017,candidate,train2017,514088,000000514088.jpg,http://images.cocodataset.org/train2017/000000514088.jpg,5,Creative Commons Attribution-ShareAlike 2.0 (CC BY-SA 2.0),http://creativecommons.org/licenses/by-sa/2.0/,500,333,640,640,chair,1,small,113.955,9.99,0.0059,0.0011,False,False,False
test_0047_chair_medium_000000423266.jpg,test2017,candidate,train2017,423266,000000423266.jpg,http://images.cocodataset.org/train2017/000000423266.jpg,5,Creative Commons Attribution-ShareAlike 2.0 (CC BY-SA 2.0),http://creativecommons.org/licenses/by-sa/2.0/,640,480,640,640,chair,1,medium,131.686,44.6,0.0512,0.0522,False,False,False
test_0048_chair_medium_000000161367.jpg,test2017,candidate,train2017,161367,000000161367.jpg,http://images.cocodataset.org/train2017/000000161367.jpg,5,Creative Commons Attribution-ShareAlike 2.0 (CC BY-SA 2.0),http://creativecommons.org/licenses/by-sa/2.0/,640,480,640,640,chair,2,medium,65.961,59.15,0.5093,0.0254,True,False,False
test_0049_chair_medium_000000441032.jpg,test2017,hard,train2017,441032,000000441032.jpg,http://images.cocodataset.org/train2017/000000441032.jpg,4,Creative Commons Attribution 2.0 (CC BY 2.0),http://creativecommons.org/licenses/by/2.0/,640,427,640,640,chair,2,medium,120.641,71.095,0.2011,0.1523,False,True,False
test_0050_chair_medium_000000057870.jpg,test2017,candidate,train2017,57870,000000057870.jpg,http://images.cocodataset.org/train2017/000000057870.jpg,5,Creative Commons Attribution-ShareAlike 2.0 (CC BY-SA 2.0),http://creativecommons.org/licenses/by-sa/2.0/,640,480,640,640,chair,1,medium,101.099,60.818,0.2796,0.0429,False,False,False
test_0051_chair_medium_000000243820.jpg,test2017,candidate,train2017,243820,000000243820.jpg,http://images.cocodataset.org/train2017/000000243820.jpg,5,Creative Commons Attribution-ShareAlike 2.0 (CC BY-SA 2.0),http://creativecommons.org/licenses/by-sa/2.0/,480,640,640,640,chair,2,medium,80.896,54.304,0.3461,0.012,True,False,False
test_0052_chair_medium_000000171139.jpg,test2017,candidate,train2017,171139,000000171139.jpg,http://images.cocodataset.org/train2017/000000171139.jpg,5,Creative Commons Attribution-ShareAlike 2.0 (CC BY-SA 2.0),http://creativecommons.org/licenses/by-sa/2.0/,640,480,640,640,chair,1,medium,117.523,34.737,0.0408,0.0251,False,False,False
test_0053_chair_medium_000000315013.jpg,test2017,hard,train2017,315013,000000315013.jpg,http://images.cocodataset.org/train2017/000000315013.jpg,4,Creative Commons Attribution 2.0 (CC BY 2.0),http://creativecommons.org/licenses/by/2.0/,640,428,640,640,chair,1,medium,114.013,15.691,0.0062,0.0079,False,False,False
test_0054_chair_large_000000200611.jpg,test2017,candidate,train2017,200611,000000200611.jpg,http://images.cocodataset.org/train2017/000000200611.jpg,4,Creative Commons Attribution 2.0 (CC BY 2.0),http://creativecommons.org/licenses/by/2.0/,640,424,640,640,chair,2,large,107.366,35.806,0.1367,0.0005,False,False,False
test_0055_chair_large_000000122688.jpg,test2017,candidate,train2017,122688,000000122688.jpg,http://images.cocodataset.org/train2017/000000122688.jpg,5,Creative Commons Attribution-ShareAlike 2.0 (CC BY-SA 2.0),http://creativecommons.org/licenses/by-sa/2.0/,480,640,640,640,chair,2,large,89.744,50.613,0.2889,0.0073,True,False,False
test_0056_chair_large_000000350724.jpg,test2017,candidate,train2017,350724,000000350724.jpg,http://images.cocodataset.org/train2017/000000350724.jpg,4,Creative Commons Attribution 2.0 (CC BY 2.0),http://creativecommons.org/licenses/by/2.0/,640,425,640,640,chair,2,large,64.613,53.152,0.527,0.0162,True,False,False
test_0057_chair_large_000000394186.jpg,test2017,candidate,train2017,394186,000000394186.jpg,http://images.cocodataset.org/train2017/000000394186.jpg,4,Creative Commons Attribution 2.0 (CC BY 2.0),http://creativecommons.org/licenses/by/2.0/,424,640,640,640,chair,1,large,150.966,61.31,0.127,0.0928,False,False,False
test_0058_chair_large_000000439865.jpg,test2017,candidate,train2017,439865,000000439865.jpg,http://images.cocodataset.org/train2017/000000439865.jpg,5,Creative Commons Attribution-ShareAlike 2.0 (CC BY-SA 2.0),http://creativecommons.org/licenses/by-sa/2.0/,640,480,640,640,chair,2,large,140.972,48.055,0.0093,0.15,False,False,False
test_0059_chair_large_000000004180.jpg,test2017,candidate,train2017,4180,000000004180.jpg,http://images.cocodataset.org/train2017/000000004180.jpg,5,Creative Commons Attribution-ShareAlike 2.0 (CC BY-SA 2.0),http://creativecommons.org/licenses/by-sa/2.0/,640,480,640,640,chair,1,large,38.282,18.241,0.8653,0.0,True,False,False
test_0060_chair_large_000000099112.jpg,test2017,candidate,train2017,99112,000000099112.jpg,http://images.cocodataset.org/train2017/000000099112.jpg,4,Creative Commons Attribution 2.0 (CC BY 2.0),http://creativecommons.org/licenses/by/2.0/,427,640,640,640,chair,1,large,104.034,57.165,0.2582,0.0306,False,False,False
